2026-07-27T15:19:22.538Z {"event":"sanitizeMiddleware incoming","method":"POST","path":"/api/auth/register","bodyType":"object","body":{"name":"test","email":"t@gmail.com","password":"Z@gmail.1234","confirmPassword":"Z@gmail.1234"},"query":{},"params":{}}
2026-07-27T15:19:22.550Z {"event":"sanitizeMiddleware error","method":"POST","path":"/api/auth/register","bodyType":"object","body":{"name":"test","email":"t@gmail.com","password":"Z@gmail.1234","confirmPassword":"Z@gmail.1234"},"query":{},"params":{},"error":"Cannot set property query of #<IncomingMessage> which has only a getter","stack":"TypeError: Cannot set property query of #<IncomingMessage> which has only a getter\n    at sanitizeMiddleware (D:\\asis\\everblue_front\\backend\\src\\middleware\\sanitize.middleware.ts:75:14)\n    at Layer.handleRequest (D:\\asis\\everblue_front\\backend\\node_modules\\router\\lib\\layer.js:152:17)\n    at trimPrefix (D:\\asis\\everblue_front\\backend\\node_modules\\router\\index.js:342:13)\n    at D:\\asis\\everblue_front\\backend\\node_modules\\router\\index.js:297:9\n    at processParams (D:\\asis\\everblue_front\\backend\\node_modules\\router\\index.js:582:12)\n    at next (D:\\asis\\everblue_front\\backend\\node_modules\\router\\index.js:291:5)\n    at read (D:\\asis\\everblue_front\\backend\\node_modules\\body-parser\\lib\\read.js:42:5)\n    at urlencodedParser (D:\\asis\\everblue_front\\backend\\node_modules\\body-parser\\lib\\types\\urlencoded.js:51:5)\n    at Layer.handleRequest (D:\\asis\\everblue_front\\backend\\node_modules\\router\\lib\\layer.js:152:17)\n    at trimPrefix (D:\\asis\\everblue_front\\backend\\node_modules\\router\\index.js:342:13)"}
2026-07-27T15:19:23.387Z {"event":"sanitizeMiddleware incoming","method":"POST","path":"/api/auth/register","bodyType":"object","body":{"name":"test","email":"t@gmail.com","password":"Z@gmail.1234","confirmPassword":"Z@gmail.1234"},"query":{},"params":{}}
2026-07-27T15:19:23.389Z {"event":"sanitizeMiddleware error","method":"POST","path":"/api/auth/register","bodyType":"object","body":{"name":"test","email":"t@gmail.com","password":"Z@gmail.1234","confirmPassword":"Z@gmail.1234"},"query":{},"params":{},"error":"Cannot set property query of #<IncomingMessage> which has only a getter","stack":"TypeError: Cannot set property query of #<IncomingMessage> which has only a getter\n    at sanitizeMiddleware (D:\\asis\\everblue_front\\backend\\src\\middleware\\sanitize.middleware.ts:75:14)\n    at Layer.handleRequest (D:\\asis\\everblue_front\\backend\\node_modules\\router\\lib\\layer.js:152:17)\n    at trimPrefix (D:\\asis\\everblue_front\\backend\\node_modules\\router\\index.js:342:13)\n    at D:\\asis\\everblue_front\\backend\\node_modules\\router\\index.js:297:9\n    at processParams (D:\\asis\\everblue_front\\backend\\node_modules\\router\\index.js:582:12)\n    at next (D:\\asis\\everblue_front\\backend\\node_modules\\router\\index.js:291:5)\n    at read (D:\\asis\\everblue_front\\backend\\node_modules\\body-parser\\lib\\read.js:42:5)\n    at urlencodedParser (D:\\asis\\everblue_front\\backend\\node_modules\\body-parser\\lib\\types\\urlencoded.js:51:5)\n    at Layer.handleRequest (D:\\asis\\everblue_front\\backend\\node_modules\\router\\lib\\layer.js:152:17)\n    at trimPrefix (D:\\asis\\everblue_front\\backend\\node_modules\\router\\index.js:342:13)"}
2026-07-27T15:20:30.881Z {"event":"sanitizeMiddleware incoming","bodyType":"object","body":{},"query":{},"params":{}}
2026-07-27T15:23:43.177Z {"event":"sanitizeMiddleware incoming","method":"POST","path":"/api/auth/register","bodyType":"object","body":{"name":"test","email":"t@gmail.com","password":"Z@gmail.1234","confirmPassword":"Z@gmail.1234"},"query":{},"params":{}}
2026-07-27T15:23:58.138Z {"event":"sanitizeMiddleware incoming","method":"POST","path":"/api/auth/login","bodyType":"object","body":{"email":"t@gmail.com","password":"Z@gmail.1234"},"query":{},"params":{}}
2026-07-27T15:23:58.861Z {"event":"sanitizeMiddleware incoming","method":"GET","path":"/api/cart","bodyType":"undefined","query":{},"params":{}}
2026-07-27T15:23:58.867Z {"event":"sanitizeMiddleware incoming","method":"GET","path":"/api/products","bodyType":"undefined","query":{},"params":{}}
2026-07-27T15:23:58.872Z {"event":"sanitizeMiddleware incoming","method":"GET","path":"/api/products","bodyType":"undefined","query":{},"params":{}}
2026-07-27T15:23:58.877Z {"event":"sanitizeMiddleware incoming","method":"GET","path":"/api/products","bodyType":"undefined","query":{},"params":{}}
2026-07-27T15:23:58.879Z {"event":"sanitizeMiddleware incoming","method":"GET","path":"/api/products","bodyType":"undefined","query":{},"params":{}}
2026-07-27T15:23:58.893Z {"event":"sanitizeMiddleware incoming","method":"GET","path":"/api/cart","bodyType":"undefined","query":{},"params":{}}
2026-07-27T15:23:58.902Z {"event":"sanitizeMiddleware incoming","method":"GET","path":"/uploads/1784993168656-7t24kf.jpg","bodyType":"undefined","query":{},"params":{}}
2026-07-27T15:23:58.916Z {"event":"sanitizeMiddleware incoming","method":"GET","path":"/uploads/1785090892750-zubs1w.png","bodyType":"undefined","query":{},"params":{}}
2026-07-27T15:23:58.918Z {"event":"sanitizeMiddleware incoming","method":"GET","path":"/uploads/1785083371202-imifol.jpg","bodyType":"undefined","query":{},"params":{}}
2026-07-27T15:23:58.919Z {"event":"sanitizeMiddleware incoming","method":"GET","path":"/uploads/1784993140796-w2585g.jpg","bodyType":"undefined","query":{},"params":{}}
2026-07-27T15:23:58.920Z {"event":"sanitizeMiddleware incoming","method":"GET","path":"/uploads/1784993110100-h2h1ud.jpg","bodyType":"undefined","query":{},"params":{}}
2026-07-27T15:23:58.923Z {"event":"sanitizeMiddleware incoming","method":"GET","path":"/uploads/1784993085622-40ny9z.jpg","bodyType":"undefined","query":{},"params":{}}
2026-07-27T15:24:16.000Z {"event":"sanitizeMiddleware incoming","method":"POST","path":"/api/auth/login","bodyType":"object","body":{"email":"admin@local.com","password":"12345678"},"query":{},"params":{}}
2026-07-27T15:24:16.489Z {"event":"sanitizeMiddleware incoming","method":"GET","path":"/api/admin/users","bodyType":"undefined","query":{},"params":{}}
2026-07-27T15:24:33.333Z {"event":"sanitizeMiddleware incoming","method":"GET","path":"/api/admin/users","bodyType":"undefined","query":{},"params":{}}
2026-07-27T15:25:42.832Z {"event":"sanitizeMiddleware incoming","method":"POST","path":"/api/auth/register","bodyType":"object","body":{"name":"Integration Test","email":"inttest+1@example.com","password":"StrongPass123!","confirmPassword":"StrongPass123!"},"query":{},"params":{}}
2026-07-27T15:25:48.375Z {"event":"sanitizeMiddleware incoming","method":"GET","path":"/api/admin/users","bodyType":"undefined","query":{},"params":{}}
2026-07-27T15:26:48.422Z {"event":"sanitizeMiddleware incoming","method":"GET","path":"/api/favorites","bodyType":"undefined","query":{},"params":{}}
2026-07-27T15:26:48.425Z {"event":"sanitizeMiddleware incoming","method":"GET","path":"/api/products/6a64d5906fe7058a557f0718","bodyType":"undefined","query":{},"params":{}}
2026-07-27T15:26:48.428Z {"event":"sanitizeMiddleware incoming","method":"GET","path":"/api/products/6a64d5906fe7058a557f0718","bodyType":"undefined","query":{},"params":{}}
2026-07-27T15:26:48.430Z {"event":"sanitizeMiddleware incoming","method":"GET","path":"/api/cart","bodyType":"undefined","query":{},"params":{}}
2026-07-27T15:26:48.453Z {"event":"sanitizeMiddleware incoming","method":"GET","path":"/api/favorites","bodyType":"undefined","query":{},"params":{}}
2026-07-27T15:26:48.462Z {"event":"sanitizeMiddleware incoming","method":"GET","path":"/api/cart","bodyType":"undefined","query":{},"params":{}}
2026-07-27T15:26:48.475Z {"event":"sanitizeMiddleware incoming","method":"GET","path":"/api/cart","bodyType":"undefined","query":{},"params":{}}
2026-07-27T15:26:48.485Z {"event":"sanitizeMiddleware incoming","method":"GET","path":"/api/cart","bodyType":"undefined","query":{},"params":{}}
2026-07-27T15:26:49.414Z {"event":"sanitizeMiddleware incoming","method":"POST","path":"/api/cart/add","bodyType":"object","body":{"productId":"6a64d5906fe7058a557f0718","quantity":1},"query":{},"params":{}}
2026-07-27T15:26:49.438Z {"event":"sanitizeMiddleware incoming","method":"GET","path":"/api/cart","bodyType":"undefined","query":{},"params":{}}
2026-07-27T15:26:53.467Z {"event":"sanitizeMiddleware incoming","method":"GET","path":"/api/cart","bodyType":"undefined","query":{},"params":{}}
2026-07-27T15:26:53.479Z {"event":"sanitizeMiddleware incoming","method":"GET","path":"/api/cart","bodyType":"undefined","query":{},"params":{}}
2026-07-27T15:26:53.491Z {"event":"sanitizeMiddleware incoming","method":"GET","path":"/uploads/1784993168656-7t24kf.jpg","bodyType":"undefined","query":{},"params":{}}
2026-07-27T15:26:53.506Z {"event":"sanitizeMiddleware incoming","method":"GET","path":"/api/cart","bodyType":"undefined","query":{},"params":{}}
2026-07-27T15:26:53.516Z {"event":"sanitizeMiddleware incoming","method":"GET","path":"/api/cart","bodyType":"undefined","query":{},"params":{}}
2026-07-27T15:26:54.670Z {"event":"sanitizeMiddleware incoming","method":"GET","path":"/api/cart","bodyType":"undefined","query":{},"params":{}}
2026-07-27T15:26:54.681Z {"event":"sanitizeMiddleware incoming","method":"GET","path":"/api/cart","bodyType":"undefined","query":{},"params":{}}
2026-07-27T15:26:55.613Z {"event":"sanitizeMiddleware incoming","method":"POST","path":"/api/payment/initiate","bodyType":"object","body":{"amount":50000,"purchase_order_id":"ORDER-1785166015608","purchase_order_name":"Order ORDER-1785166015608","cart_items":[{"_id":"6a64d5906fe7058a557f0718","productId":"6a64d5906fe7058a557f0718","name":"one piece","price":500,"description":null,"image":"1784993168656-7t24kf.jpg","quantity":1}]},"query":{},"params":{}}
2026-07-27T15:26:56.035Z {"event":"sanitizeMiddleware incoming","method":"GET","path":"/api/cart","bodyType":"undefined","query":{},"params":{}}
2026-07-27T15:26:56.040Z {"event":"sanitizeMiddleware incoming","method":"POST","path":"/api/payment/verify","bodyType":"object","body":{"pidx":"test_pidx_1785166015621"},"query":{},"params":{}}
2026-07-27T15:26:56.057Z {"event":"sanitizeMiddleware incoming","method":"POST","path":"/api/payment/verify","bodyType":"object","body":{"pidx":"test_pidx_1785166015621"},"query":{},"params":{}}
2026-07-27T15:26:56.060Z {"event":"sanitizeMiddleware incoming","method":"DELETE","path":"/api/cart/clear","bodyType":"undefined","query":{},"params":{}}
2026-07-27T15:26:56.066Z {"event":"sanitizeMiddleware incoming","method":"POST","path":"/api/payment/verify","bodyType":"object","body":{"pidx":"test_pidx_1785166015621"},"query":{},"params":{}}
2026-07-27T15:26:56.075Z {"event":"sanitizeMiddleware incoming","method":"DELETE","path":"/api/cart/clear","bodyType":"undefined","query":{},"params":{}}
2026-07-27T15:26:56.085Z {"event":"sanitizeMiddleware incoming","method":"POST","path":"/api/payment/verify","bodyType":"object","body":{"pidx":"test_pidx_1785166015621"},"query":{},"params":{}}
2026-07-27T15:26:56.090Z {"event":"sanitizeMiddleware incoming","method":"POST","path":"/api/payment/verify","bodyType":"object","body":{"pidx":"test_pidx_1785166015621"},"query":{},"params":{}}
2026-07-27T15:26:56.098Z {"event":"sanitizeMiddleware incoming","method":"GET","path":"/api/cart","bodyType":"undefined","query":{},"params":{}}
2026-07-27T15:26:56.107Z {"event":"sanitizeMiddleware incoming","method":"POST","path":"/api/payment/verify","bodyType":"object","body":{"pidx":"test_pidx_1785166015621"},"query":{},"params":{}}
2026-07-27T15:26:56.114Z {"event":"sanitizeMiddleware incoming","method":"POST","path":"/api/payment/verify","bodyType":"object","body":{"pidx":"test_pidx_1785166015621"},"query":{},"params":{}}
2026-07-27T15:26:56.116Z {"event":"sanitizeMiddleware incoming","method":"GET","path":"/api/cart","bodyType":"undefined","query":{},"params":{}}
2026-07-27T15:26:56.119Z {"event":"sanitizeMiddleware incoming","method":"POST","path":"/api/payment/verify","bodyType":"object","body":{"pidx":"test_pidx_1785166015621"},"query":{},"params":{}}
2026-07-27T15:26:56.126Z {"event":"sanitizeMiddleware incoming","method":"POST","path":"/api/payment/verify","bodyType":"object","body":{"pidx":"test_pidx_1785166015621"},"query":{},"params":{}}
2026-07-27T15:26:56.131Z {"event":"sanitizeMiddleware incoming","method":"POST","path":"/api/payment/verify","bodyType":"object","body":{"pidx":"test_pidx_1785166015621"},"query":{},"params":{}}
2026-07-27T15:26:56.137Z {"event":"sanitizeMiddleware incoming","method":"POST","path":"/api/payment/verify","bodyType":"object","body":{"pidx":"test_pidx_1785166015621"},"query":{},"params":{}}
2026-07-27T15:26:56.143Z {"event":"sanitizeMiddleware incoming","method":"POST","path":"/api/payment/verify","bodyType":"object","body":{"pidx":"test_pidx_1785166015621"},"query":{},"params":{}}
2026-07-27T15:26:56.148Z {"event":"sanitizeMiddleware incoming","method":"POST","path":"/api/payment/verify","bodyType":"object","body":{"pidx":"test_pidx_1785166015621"},"query":{},"params":{}}
2026-07-27T15:26:56.154Z {"event":"sanitizeMiddleware incoming","method":"POST","path":"/api/payment/verify","bodyType":"object","body":{"pidx":"test_pidx_1785166015621"},"query":{},"params":{}}
2026-07-27T15:26:56.159Z {"event":"sanitizeMiddleware incoming","method":"POST","path":"/api/payment/verify","bodyType":"object","body":{"pidx":"test_pidx_1785166015621"},"query":{},"params":{}}
2026-07-27T15:26:56.164Z {"event":"sanitizeMiddleware incoming","method":"POST","path":"/api/payment/verify","bodyType":"object","body":{"pidx":"test_pidx_1785166015621"},"query":{},"params":{}}
2026-07-27T15:26:56.169Z {"event":"sanitizeMiddleware incoming","method":"POST","path":"/api/payment/verify","bodyType":"object","body":{"pidx":"test_pidx_1785166015621"},"query":{},"params":{}}
2026-07-27T15:26:56.174Z {"event":"sanitizeMiddleware incoming","method":"POST","path":"/api/payment/verify","bodyType":"object","body":{"pidx":"test_pidx_1785166015621"},"query":{},"params":{}}
2026-07-27T15:26:56.180Z {"event":"sanitizeMiddleware incoming","method":"POST","path":"/api/payment/verify","bodyType":"object","body":{"pidx":"test_pidx_1785166015621"},"query":{},"params":{}}
2026-07-27T15:26:56.187Z {"event":"sanitizeMiddleware incoming","method":"POST","path":"/api/payment/verify","bodyType":"object","body":{"pidx":"test_pidx_1785166015621"},"query":{},"params":{}}
2026-07-27T15:26:56.193Z {"event":"sanitizeMiddleware incoming","method":"POST","path":"/api/payment/verify","bodyType":"object","body":{"pidx":"test_pidx_1785166015621"},"query":{},"params":{}}
2026-07-27T15:26:56.199Z {"event":"sanitizeMiddleware incoming","method":"POST","path":"/api/payment/verify","bodyType":"object","body":{"pidx":"test_pidx_1785166015621"},"query":{},"params":{}}
2026-07-27T15:26:56.205Z {"event":"sanitizeMiddleware incoming","method":"POST","path":"/api/payment/verify","bodyType":"object","body":{"pidx":"test_pidx_1785166015621"},"query":{},"params":{}}
2026-07-27T15:26:56.210Z {"event":"sanitizeMiddleware incoming","method":"POST","path":"/api/payment/verify","bodyType":"object","body":{"pidx":"test_pidx_1785166015621"},"query":{},"params":{}}
2026-07-27T15:26:56.215Z {"event":"sanitizeMiddleware incoming","method":"POST","path":"/api/payment/verify","bodyType":"object","body":{"pidx":"test_pidx_1785166015621"},"query":{},"params":{}}
2026-07-27T15:26:56.222Z {"event":"sanitizeMiddleware incoming","method":"POST","path":"/api/payment/verify","bodyType":"object","body":{"pidx":"test_pidx_1785166015621"},"query":{},"params":{}}
2026-07-27T15:26:56.226Z {"event":"sanitizeMiddleware incoming","method":"POST","path":"/api/payment/verify","bodyType":"object","body":{"pidx":"test_pidx_1785166015621"},"query":{},"params":{}}
2026-07-27T15:26:56.231Z {"event":"sanitizeMiddleware incoming","method":"POST","path":"/api/payment/verify","bodyType":"object","body":{"pidx":"test_pidx_1785166015621"},"query":{},"params":{}}
2026-07-27T15:26:56.238Z {"event":"sanitizeMiddleware incoming","method":"POST","path":"/api/payment/verify","bodyType":"object","body":{"pidx":"test_pidx_1785166015621"},"query":{},"params":{}}
2026-07-27T15:26:56.244Z {"event":"sanitizeMiddleware incoming","method":"POST","path":"/api/payment/verify","bodyType":"object","body":{"pidx":"test_pidx_1785166015621"},"query":{},"params":{}}
2026-07-27T15:26:56.250Z {"event":"sanitizeMiddleware incoming","method":"POST","path":"/api/payment/verify","bodyType":"object","body":{"pidx":"test_pidx_1785166015621"},"query":{},"params":{}}
2026-07-27T15:26:56.255Z {"event":"sanitizeMiddleware incoming","method":"POST","path":"/api/payment/verify","bodyType":"object","body":{"pidx":"test_pidx_1785166015621"},"query":{},"params":{}}
2026-07-27T15:26:56.261Z {"event":"sanitizeMiddleware incoming","method":"POST","path":"/api/payment/verify","bodyType":"object","body":{"pidx":"test_pidx_1785166015621"},"query":{},"params":{}}
2026-07-27T15:26:56.267Z {"event":"sanitizeMiddleware incoming","method":"POST","path":"/api/payment/verify","bodyType":"object","body":{"pidx":"test_pidx_1785166015621"},"query":{},"params":{}}
2026-07-27T15:26:56.273Z {"event":"sanitizeMiddleware incoming","method":"POST","path":"/api/payment/verify","bodyType":"object","body":{"pidx":"test_pidx_1785166015621"},"query":{},"params":{}}
2026-07-27T15:26:56.280Z {"event":"sanitizeMiddleware incoming","method":"POST","path":"/api/payment/verify","bodyType":"object","body":{"pidx":"test_pidx_1785166015621"},"query":{},"params":{}}
2026-07-27T15:26:56.286Z {"event":"sanitizeMiddleware incoming","method":"POST","path":"/api/payment/verify","bodyType":"object","body":{"pidx":"test_pidx_1785166015621"},"query":{},"params":{}}
2026-07-27T15:26:56.291Z {"event":"sanitizeMiddleware incoming","method":"POST","path":"/api/payment/verify","bodyType":"object","body":{"pidx":"test_pidx_1785166015621"},"query":{},"params":{}}
2026-07-27T15:26:56.298Z {"event":"sanitizeMiddleware incoming","method":"POST","path":"/api/payment/verify","bodyType":"object","body":{"pidx":"test_pidx_1785166015621"},"query":{},"params":{}}
2026-07-27T15:26:56.303Z {"event":"sanitizeMiddleware incoming","method":"POST","path":"/api/payment/verify","bodyType":"object","body":{"pidx":"test_pidx_1785166015621"},"query":{},"params":{}}
2026-07-27T15:26:56.308Z {"event":"sanitizeMiddleware incoming","method":"POST","path":"/api/payment/verify","bodyType":"object","body":{"pidx":"test_pidx_1785166015621"},"query":{},"params":{}}
2026-07-27T15:26:56.317Z {"event":"sanitizeMiddleware incoming","method":"POST","path":"/api/payment/verify","bodyType":"object","body":{"pidx":"test_pidx_1785166015621"},"query":{},"params":{}}
2026-07-27T15:26:56.323Z {"event":"sanitizeMiddleware incoming","method":"POST","path":"/api/payment/verify","bodyType":"object","body":{"pidx":"test_pidx_1785166015621"},"query":{},"params":{}}
2026-07-27T15:26:56.328Z {"event":"sanitizeMiddleware incoming","method":"POST","path":"/api/payment/verify","bodyType":"object","body":{"pidx":"test_pidx_1785166015621"},"query":{},"params":{}}
2026-07-27T15:26:56.335Z {"event":"sanitizeMiddleware incoming","method":"POST","path":"/api/payment/verify","bodyType":"object","body":{"pidx":"test_pidx_1785166015621"},"query":{},"params":{}}
2026-07-27T15:26:56.340Z {"event":"sanitizeMiddleware incoming","method":"POST","path":"/api/payment/verify","bodyType":"object","body":{"pidx":"test_pidx_1785166015621"},"query":{},"params":{}}
2026-07-27T15:26:56.345Z {"event":"sanitizeMiddleware incoming","method":"POST","path":"/api/payment/verify","bodyType":"object","body":{"pidx":"test_pidx_1785166015621"},"query":{},"params":{}}
2026-07-27T15:26:56.351Z {"event":"sanitizeMiddleware incoming","method":"POST","path":"/api/payment/verify","bodyType":"object","body":{"pidx":"test_pidx_1785166015621"},"query":{},"params":{}}
2026-07-27T15:26:56.356Z {"event":"sanitizeMiddleware incoming","method":"POST","path":"/api/payment/verify","bodyType":"object","body":{"pidx":"test_pidx_1785166015621"},"query":{},"params":{}}
2026-07-27T15:26:56.361Z {"event":"sanitizeMiddleware incoming","method":"POST","path":"/api/payment/verify","bodyType":"object","body":{"pidx":"test_pidx_1785166015621"},"query":{},"params":{}}
2026-07-27T15:26:56.366Z {"event":"sanitizeMiddleware incoming","method":"POST","path":"/api/payment/verify","bodyType":"object","body":{"pidx":"test_pidx_1785166015621"},"query":{},"params":{}}
2026-07-27T15:26:56.373Z {"event":"sanitizeMiddleware incoming","method":"POST","path":"/api/payment/verify","bodyType":"object","body":{"pidx":"test_pidx_1785166015621"},"query":{},"params":{}}
2026-07-27T15:26:56.380Z {"event":"sanitizeMiddleware incoming","method":"POST","path":"/api/payment/verify","bodyType":"object","body":{"pidx":"test_pidx_1785166015621"},"query":{},"params":{}}
2026-07-27T15:26:56.388Z {"event":"sanitizeMiddleware incoming","method":"POST","path":"/api/payment/verify","bodyType":"object","body":{"pidx":"test_pidx_1785166015621"},"query":{},"params":{}}
2026-07-27T15:26:56.393Z {"event":"sanitizeMiddleware incoming","method":"POST","path":"/api/payment/verify","bodyType":"object","body":{"pidx":"test_pidx_1785166015621"},"query":{},"params":{}}
2026-07-27T15:26:56.398Z {"event":"sanitizeMiddleware incoming","method":"POST","path":"/api/payment/verify","bodyType":"object","body":{"pidx":"test_pidx_1785166015621"},"query":{},"params":{}}
2026-07-27T15:26:56.405Z {"event":"sanitizeMiddleware incoming","method":"POST","path":"/api/payment/verify","bodyType":"object","body":{"pidx":"test_pidx_1785166015621"},"query":{},"params":{}}
2026-07-27T15:26:56.410Z {"event":"sanitizeMiddleware incoming","method":"POST","path":"/api/payment/verify","bodyType":"object","body":{"pidx":"test_pidx_1785166015621"},"query":{},"params":{}}
2026-07-27T15:26:56.416Z {"event":"sanitizeMiddleware incoming","method":"POST","path":"/api/payment/verify","bodyType":"object","body":{"pidx":"test_pidx_1785166015621"},"query":{},"params":{}}
2026-07-27T15:26:56.422Z {"event":"sanitizeMiddleware incoming","method":"POST","path":"/api/payment/verify","bodyType":"object","body":{"pidx":"test_pidx_1785166015621"},"query":{},"params":{}}
2026-07-27T15:26:56.427Z {"event":"sanitizeMiddleware incoming","method":"POST","path":"/api/payment/verify","bodyType":"object","body":{"pidx":"test_pidx_1785166015621"},"query":{},"params":{}}
2026-07-27T15:26:56.433Z {"event":"sanitizeMiddleware incoming","method":"POST","path":"/api/payment/verify","bodyType":"object","body":{"pidx":"test_pidx_1785166015621"},"query":{},"params":{}}
2026-07-27T15:26:56.440Z {"event":"sanitizeMiddleware incoming","method":"POST","path":"/api/payment/verify","bodyType":"object","body":{"pidx":"test_pidx_1785166015621"},"query":{},"params":{}}
2026-07-27T15:26:56.444Z {"event":"sanitizeMiddleware incoming","method":"POST","path":"/api/payment/verify","bodyType":"object","body":{"pidx":"test_pidx_1785166015621"},"query":{},"params":{}}
2026-07-27T15:26:56.450Z {"event":"sanitizeMiddleware incoming","method":"POST","path":"/api/payment/verify","bodyType":"object","body":{"pidx":"test_pidx_1785166015621"},"query":{},"params":{}}
2026-07-27T15:26:56.454Z {"event":"sanitizeMiddleware incoming","method":"POST","path":"/api/payment/verify","bodyType":"object","body":{"pidx":"test_pidx_1785166015621"},"query":{},"params":{}}
2026-07-27T15:26:56.460Z {"event":"sanitizeMiddleware incoming","method":"POST","path":"/api/payment/verify","bodyType":"object","body":{"pidx":"test_pidx_1785166015621"},"query":{},"params":{}}
2026-07-27T15:26:56.465Z {"event":"sanitizeMiddleware incoming","method":"POST","path":"/api/payment/verify","bodyType":"object","body":{"pidx":"test_pidx_1785166015621"},"query":{},"params":{}}
2026-07-27T15:26:56.472Z {"event":"sanitizeMiddleware incoming","method":"POST","path":"/api/payment/verify","bodyType":"object","body":{"pidx":"test_pidx_1785166015621"},"query":{},"params":{}}
2026-07-27T15:26:56.477Z {"event":"sanitizeMiddleware incoming","method":"POST","path":"/api/payment/verify","bodyType":"object","body":{"pidx":"test_pidx_1785166015621"},"query":{},"params":{}}
2026-07-27T15:26:56.483Z {"event":"sanitizeMiddleware incoming","method":"POST","path":"/api/payment/verify","bodyType":"object","body":{"pidx":"test_pidx_1785166015621"},"query":{},"params":{}}
2026-07-27T15:26:56.489Z {"event":"sanitizeMiddleware incoming","method":"POST","path":"/api/payment/verify","bodyType":"object","body":{"pidx":"test_pidx_1785166015621"},"query":{},"params":{}}
2026-07-27T15:26:56.499Z {"event":"sanitizeMiddleware incoming","method":"POST","path":"/api/payment/verify","bodyType":"object","body":{"pidx":"test_pidx_1785166015621"},"query":{},"params":{}}
2026-07-27T15:26:56.504Z {"event":"sanitizeMiddleware incoming","method":"POST","path":"/api/payment/verify","bodyType":"object","body":{"pidx":"test_pidx_1785166015621"},"query":{},"params":{}}
2026-07-27T15:26:56.510Z {"event":"sanitizeMiddleware incoming","method":"POST","path":"/api/payment/verify","bodyType":"object","body":{"pidx":"test_pidx_1785166015621"},"query":{},"params":{}}
2026-07-27T15:26:56.519Z {"event":"sanitizeMiddleware incoming","method":"POST","path":"/api/payment/verify","bodyType":"object","body":{"pidx":"test_pidx_1785166015621"},"query":{},"params":{}}
2026-07-27T15:26:56.526Z {"event":"sanitizeMiddleware incoming","method":"POST","path":"/api/payment/verify","bodyType":"object","body":{"pidx":"test_pidx_1785166015621"},"query":{},"params":{}}
2026-07-27T15:26:56.533Z {"event":"sanitizeMiddleware incoming","method":"POST","path":"/api/payment/verify","bodyType":"object","body":{"pidx":"test_pidx_1785166015621"},"query":{},"params":{}}
2026-07-27T15:26:56.539Z {"event":"sanitizeMiddleware incoming","method":"POST","path":"/api/payment/verify","bodyType":"object","body":{"pidx":"test_pidx_1785166015621"},"query":{},"params":{}}
2026-07-27T15:26:56.545Z {"event":"sanitizeMiddleware incoming","method":"POST","path":"/api/payment/verify","bodyType":"object","body":{"pidx":"test_pidx_1785166015621"},"query":{},"params":{}}
2026-07-27T15:26:56.551Z {"event":"sanitizeMiddleware incoming","method":"POST","path":"/api/payment/verify","bodyType":"object","body":{"pidx":"test_pidx_1785166015621"},"query":{},"params":{}}
2026-07-27T15:26:56.555Z {"event":"sanitizeMiddleware incoming","method":"POST","path":"/api/payment/verify","bodyType":"object","body":{"pidx":"test_pidx_1785166015621"},"query":{},"params":{}}
2026-07-27T15:26:56.561Z {"event":"sanitizeMiddleware incoming","method":"POST","path":"/api/payment/verify","bodyType":"object","body":{"pidx":"test_pidx_1785166015621"},"query":{},"params":{}}
2026-07-27T15:26:56.567Z {"event":"sanitizeMiddleware incoming","method":"POST","path":"/api/payment/verify","bodyType":"object","body":{"pidx":"test_pidx_1785166015621"},"query":{},"params":{}}
2026-07-27T15:26:56.572Z {"event":"sanitizeMiddleware incoming","method":"POST","path":"/api/payment/verify","bodyType":"object","body":{"pidx":"test_pidx_1785166015621"},"query":{},"params":{}}
2026-07-27T15:26:56.578Z {"event":"sanitizeMiddleware incoming","method":"POST","path":"/api/payment/verify","bodyType":"object","body":{"pidx":"test_pidx_1785166015621"},"query":{},"params":{}}
2026-07-27T15:26:56.583Z {"event":"sanitizeMiddleware incoming","method":"POST","path":"/api/payment/verify","bodyType":"object","body":{"pidx":"test_pidx_1785166015621"},"query":{},"params":{}}
2026-07-27T15:26:56.589Z {"event":"sanitizeMiddleware incoming","method":"POST","path":"/api/payment/verify","bodyType":"object","body":{"pidx":"test_pidx_1785166015621"},"query":{},"params":{}}
2026-07-27T15:26:56.595Z {"event":"sanitizeMiddleware incoming","method":"POST","path":"/api/payment/verify","bodyType":"object","body":{"pidx":"test_pidx_1785166015621"},"query":{},"params":{}}
2026-07-27T15:26:56.601Z {"event":"sanitizeMiddleware incoming","method":"POST","path":"/api/payment/verify","bodyType":"object","body":{"pidx":"test_pidx_1785166015621"},"query":{},"params":{}}
2026-07-27T15:26:56.607Z {"event":"sanitizeMiddleware incoming","method":"POST","path":"/api/payment/verify","bodyType":"object","body":{"pidx":"test_pidx_1785166015621"},"query":{},"params":{}}
2026-07-27T15:26:56.613Z {"event":"sanitizeMiddleware incoming","method":"POST","path":"/api/payment/verify","bodyType":"object","body":{"pidx":"test_pidx_1785166015621"},"query":{},"params":{}}
2026-07-27T15:26:56.619Z {"event":"sanitizeMiddleware incoming","method":"POST","path":"/api/payment/verify","bodyType":"object","body":{"pidx":"test_pidx_1785166015621"},"query":{},"params":{}}
2026-07-27T15:26:56.626Z {"event":"sanitizeMiddleware incoming","method":"POST","path":"/api/payment/verify","bodyType":"object","body":{"pidx":"test_pidx_1785166015621"},"query":{},"params":{}}
2026-07-27T15:26:56.632Z {"event":"sanitizeMiddleware incoming","method":"POST","path":"/api/payment/verify","bodyType":"object","body":{"pidx":"test_pidx_1785166015621"},"query":{},"params":{}}
2026-07-27T15:26:56.638Z {"event":"sanitizeMiddleware incoming","method":"POST","path":"/api/payment/verify","bodyType":"object","body":{"pidx":"test_pidx_1785166015621"},"query":{},"params":{}}
2026-07-27T15:26:56.644Z {"event":"sanitizeMiddleware incoming","method":"POST","path":"/api/payment/verify","bodyType":"object","body":{"pidx":"test_pidx_1785166015621"},"query":{},"params":{}}
2026-07-27T15:26:56.649Z {"event":"sanitizeMiddleware incoming","method":"POST","path":"/api/payment/verify","bodyType":"object","body":{"pidx":"test_pidx_1785166015621"},"query":{},"params":{}}
2026-07-27T15:26:56.654Z {"event":"sanitizeMiddleware incoming","method":"POST","path":"/api/payment/verify","bodyType":"object","body":{"pidx":"test_pidx_1785166015621"},"query":{},"params":{}}
2026-07-27T15:26:56.661Z {"event":"sanitizeMiddleware incoming","method":"POST","path":"/api/payment/verify","bodyType":"object","body":{"pidx":"test_pidx_1785166015621"},"query":{},"params":{}}
2026-07-27T15:26:56.667Z {"event":"sanitizeMiddleware incoming","method":"POST","path":"/api/payment/verify","bodyType":"object","body":{"pidx":"test_pidx_1785166015621"},"query":{},"params":{}}
2026-07-27T15:26:56.671Z {"event":"sanitizeMiddleware incoming","method":"POST","path":"/api/payment/verify","bodyType":"object","body":{"pidx":"test_pidx_1785166015621"},"query":{},"params":{}}
2026-07-27T15:26:56.677Z {"event":"sanitizeMiddleware incoming","method":"POST","path":"/api/payment/verify","bodyType":"object","body":{"pidx":"test_pidx_1785166015621"},"query":{},"params":{}}
2026-07-27T15:26:56.683Z {"event":"sanitizeMiddleware incoming","method":"POST","path":"/api/payment/verify","bodyType":"object","body":{"pidx":"test_pidx_1785166015621"},"query":{},"params":{}}
2026-07-27T15:26:56.688Z {"event":"sanitizeMiddleware incoming","method":"POST","path":"/api/payment/verify","bodyType":"object","body":{"pidx":"test_pidx_1785166015621"},"query":{},"params":{}}
2026-07-27T15:26:56.694Z {"event":"sanitizeMiddleware incoming","method":"POST","path":"/api/payment/verify","bodyType":"object","body":{"pidx":"test_pidx_1785166015621"},"query":{},"params":{}}
2026-07-27T15:26:56.698Z {"event":"sanitizeMiddleware incoming","method":"POST","path":"/api/payment/verify","bodyType":"object","body":{"pidx":"test_pidx_1785166015621"},"query":{},"params":{}}
2026-07-27T15:26:56.705Z {"event":"sanitizeMiddleware incoming","method":"POST","path":"/api/payment/verify","bodyType":"object","body":{"pidx":"test_pidx_1785166015621"},"query":{},"params":{}}
2026-07-27T15:26:56.710Z {"event":"sanitizeMiddleware incoming","method":"POST","path":"/api/payment/verify","bodyType":"object","body":{"pidx":"test_pidx_1785166015621"},"query":{},"params":{}}
2026-07-27T15:26:56.716Z {"event":"sanitizeMiddleware incoming","method":"POST","path":"/api/payment/verify","bodyType":"object","body":{"pidx":"test_pidx_1785166015621"},"query":{},"params":{}}
2026-07-27T15:26:56.721Z {"event":"sanitizeMiddleware incoming","method":"POST","path":"/api/payment/verify","bodyType":"object","body":{"pidx":"test_pidx_1785166015621"},"query":{},"params":{}}
2026-07-27T15:26:56.727Z {"event":"sanitizeMiddleware incoming","method":"POST","path":"/api/payment/verify","bodyType":"object","body":{"pidx":"test_pidx_1785166015621"},"query":{},"params":{}}
2026-07-27T15:26:56.732Z {"event":"sanitizeMiddleware incoming","method":"POST","path":"/api/payment/verify","bodyType":"object","body":{"pidx":"test_pidx_1785166015621"},"query":{},"params":{}}
2026-07-27T15:26:56.737Z {"event":"sanitizeMiddleware incoming","method":"POST","path":"/api/payment/verify","bodyType":"object","body":{"pidx":"test_pidx_1785166015621"},"query":{},"params":{}}
2026-07-27T15:26:56.748Z {"event":"sanitizeMiddleware incoming","method":"POST","path":"/api/payment/verify","bodyType":"object","body":{"pidx":"test_pidx_1785166015621"},"query":{},"params":{}}
2026-07-27T15:26:56.754Z {"event":"sanitizeMiddleware incoming","method":"POST","path":"/api/payment/verify","bodyType":"object","body":{"pidx":"test_pidx_1785166015621"},"query":{},"params":{}}
2026-07-27T15:26:56.761Z {"event":"sanitizeMiddleware incoming","method":"POST","path":"/api/payment/verify","bodyType":"object","body":{"pidx":"test_pidx_1785166015621"},"query":{},"params":{}}
2026-07-27T15:26:56.768Z {"event":"sanitizeMiddleware incoming","method":"POST","path":"/api/payment/verify","bodyType":"object","body":{"pidx":"test_pidx_1785166015621"},"query":{},"params":{}}
2026-07-27T15:26:56.776Z {"event":"sanitizeMiddleware incoming","method":"POST","path":"/api/payment/verify","bodyType":"object","body":{"pidx":"test_pidx_1785166015621"},"query":{},"params":{}}
2026-07-27T15:26:56.792Z {"event":"sanitizeMiddleware incoming","method":"POST","path":"/api/payment/verify","bodyType":"object","body":{"pidx":"test_pidx_1785166015621"},"query":{},"params":{}}
2026-07-27T15:26:56.795Z {"event":"sanitizeMiddleware incoming","method":"POST","path":"/api/payment/verify","bodyType":"object","body":{"pidx":"test_pidx_1785166015621"},"query":{},"params":{}}
2026-07-27T15:26:56.803Z {"event":"sanitizeMiddleware incoming","method":"POST","path":"/api/payment/verify","bodyType":"object","body":{"pidx":"test_pidx_1785166015621"},"query":{},"params":{}}
2026-07-27T15:26:56.810Z {"event":"sanitizeMiddleware incoming","method":"POST","path":"/api/payment/verify","bodyType":"object","body":{"pidx":"test_pidx_1785166015621"},"query":{},"params":{}}
2026-07-27T15:26:56.815Z {"event":"sanitizeMiddleware incoming","method":"POST","path":"/api/payment/verify","bodyType":"object","body":{"pidx":"test_pidx_1785166015621"},"query":{},"params":{}}
2026-07-27T15:26:56.820Z {"event":"sanitizeMiddleware incoming","method":"POST","path":"/api/payment/verify","bodyType":"object","body":{"pidx":"test_pidx_1785166015621"},"query":{},"params":{}}
2026-07-27T15:26:56.824Z {"event":"sanitizeMiddleware incoming","method":"POST","path":"/api/payment/verify","bodyType":"object","body":{"pidx":"test_pidx_1785166015621"},"query":{},"params":{}}
2026-07-27T15:26:56.840Z {"event":"sanitizeMiddleware incoming","method":"POST","path":"/api/payment/verify","bodyType":"object","body":{"pidx":"test_pidx_1785166015621"},"query":{},"params":{}}
2026-07-27T15:26:56.845Z {"event":"sanitizeMiddleware incoming","method":"POST","path":"/api/payment/verify","bodyType":"object","body":{"pidx":"test_pidx_1785166015621"},"query":{},"params":{}}
2026-07-27T15:26:56.853Z {"event":"sanitizeMiddleware incoming","method":"POST","path":"/api/payment/verify","bodyType":"object","body":{"pidx":"test_pidx_1785166015621"},"query":{},"params":{}}
2026-07-27T15:26:56.859Z {"event":"sanitizeMiddleware incoming","method":"POST","path":"/api/payment/verify","bodyType":"object","body":{"pidx":"test_pidx_1785166015621"},"query":{},"params":{}}
2026-07-27T15:26:56.869Z {"event":"sanitizeMiddleware incoming","method":"POST","path":"/api/payment/verify","bodyType":"object","body":{"pidx":"test_pidx_1785166015621"},"query":{},"params":{}}
2026-07-27T15:26:56.874Z {"event":"sanitizeMiddleware incoming","method":"POST","path":"/api/payment/verify","bodyType":"object","body":{"pidx":"test_pidx_1785166015621"},"query":{},"params":{}}
2026-07-27T15:26:56.882Z {"event":"sanitizeMiddleware incoming","method":"POST","path":"/api/payment/verify","bodyType":"object","body":{"pidx":"test_pidx_1785166015621"},"query":{},"params":{}}
2026-07-27T15:26:56.889Z {"event":"sanitizeMiddleware incoming","method":"POST","path":"/api/payment/verify","bodyType":"object","body":{"pidx":"test_pidx_1785166015621"},"query":{},"params":{}}
2026-07-27T15:26:56.896Z {"event":"sanitizeMiddleware incoming","method":"POST","path":"/api/payment/verify","bodyType":"object","body":{"pidx":"test_pidx_1785166015621"},"query":{},"params":{}}
2026-07-27T15:26:56.904Z {"event":"sanitizeMiddleware incoming","method":"POST","path":"/api/payment/verify","bodyType":"object","body":{"pidx":"test_pidx_1785166015621"},"query":{},"params":{}}
2026-07-27T15:26:56.911Z {"event":"sanitizeMiddleware incoming","method":"POST","path":"/api/payment/verify","bodyType":"object","body":{"pidx":"test_pidx_1785166015621"},"query":{},"params":{}}
2026-07-27T15:26:56.920Z {"event":"sanitizeMiddleware incoming","method":"POST","path":"/api/payment/verify","bodyType":"object","body":{"pidx":"test_pidx_1785166015621"},"query":{},"params":{}}
2026-07-27T15:26:56.926Z {"event":"sanitizeMiddleware incoming","method":"POST","path":"/api/payment/verify","bodyType":"object","body":{"pidx":"test_pidx_1785166015621"},"query":{},"params":{}}
2026-07-27T15:26:56.934Z {"event":"sanitizeMiddleware incoming","method":"POST","path":"/api/payment/verify","bodyType":"object","body":{"pidx":"test_pidx_1785166015621"},"query":{},"params":{}}
2026-07-27T15:26:56.940Z {"event":"sanitizeMiddleware incoming","method":"POST","path":"/api/payment/verify","bodyType":"object","body":{"pidx":"test_pidx_1785166015621"},"query":{},"params":{}}
2026-07-27T15:26:56.949Z {"event":"sanitizeMiddleware incoming","method":"POST","path":"/api/payment/verify","bodyType":"object","body":{"pidx":"test_pidx_1785166015621"},"query":{},"params":{}}
2026-07-27T15:26:56.957Z {"event":"sanitizeMiddleware incoming","method":"POST","path":"/api/payment/verify","bodyType":"object","body":{"pidx":"test_pidx_1785166015621"},"query":{},"params":{}}
2026-07-27T15:26:56.966Z {"event":"sanitizeMiddleware incoming","method":"POST","path":"/api/payment/verify","bodyType":"object","body":{"pidx":"test_pidx_1785166015621"},"query":{},"params":{}}
2026-07-27T15:26:56.972Z {"event":"sanitizeMiddleware incoming","method":"POST","path":"/api/payment/verify","bodyType":"object","body":{"pidx":"test_pidx_1785166015621"},"query":{},"params":{}}
2026-07-27T15:26:56.981Z {"event":"sanitizeMiddleware incoming","method":"POST","path":"/api/payment/verify","bodyType":"object","body":{"pidx":"test_pidx_1785166015621"},"query":{},"params":{}}
2026-07-27T15:26:56.988Z {"event":"sanitizeMiddleware incoming","method":"POST","path":"/api/payment/verify","bodyType":"object","body":{"pidx":"test_pidx_1785166015621"},"query":{},"params":{}}
2026-07-27T15:26:56.995Z {"event":"sanitizeMiddleware incoming","method":"POST","path":"/api/payment/verify","bodyType":"object","body":{"pidx":"test_pidx_1785166015621"},"query":{},"params":{}}
2026-07-27T15:26:57.002Z {"event":"sanitizeMiddleware incoming","method":"POST","path":"/api/payment/verify","bodyType":"object","body":{"pidx":"test_pidx_1785166015621"},"query":{},"params":{}}
2026-07-27T15:26:57.012Z {"event":"sanitizeMiddleware incoming","method":"POST","path":"/api/payment/verify","bodyType":"object","body":{"pidx":"test_pidx_1785166015621"},"query":{},"params":{}}
2026-07-27T15:26:57.018Z {"event":"sanitizeMiddleware incoming","method":"POST","path":"/api/payment/verify","bodyType":"object","body":{"pidx":"test_pidx_1785166015621"},"query":{},"params":{}}
2026-07-27T15:26:57.026Z {"event":"sanitizeMiddleware incoming","method":"POST","path":"/api/payment/verify","bodyType":"object","body":{"pidx":"test_pidx_1785166015621"},"query":{},"params":{}}
2026-07-27T15:26:57.033Z {"event":"sanitizeMiddleware incoming","method":"POST","path":"/api/payment/verify","bodyType":"object","body":{"pidx":"test_pidx_1785166015621"},"query":{},"params":{}}
2026-07-27T15:26:57.049Z {"event":"sanitizeMiddleware incoming","method":"POST","path":"/api/payment/verify","bodyType":"object","body":{"pidx":"test_pidx_1785166015621"},"query":{},"params":{}}
2026-07-27T15:26:57.054Z {"event":"sanitizeMiddleware incoming","method":"POST","path":"/api/payment/verify","bodyType":"object","body":{"pidx":"test_pidx_1785166015621"},"query":{},"params":{}}
2026-07-27T15:26:57.064Z {"event":"sanitizeMiddleware incoming","method":"POST","path":"/api/payment/verify","bodyType":"object","body":{"pidx":"test_pidx_1785166015621"},"query":{},"params":{}}
2026-07-27T15:26:57.070Z {"event":"sanitizeMiddleware incoming","method":"POST","path":"/api/payment/verify","bodyType":"object","body":{"pidx":"test_pidx_1785166015621"},"query":{},"params":{}}
2026-07-27T15:26:57.082Z {"event":"sanitizeMiddleware incoming","method":"POST","path":"/api/payment/verify","bodyType":"object","body":{"pidx":"test_pidx_1785166015621"},"query":{},"params":{}}
2026-07-27T15:26:57.090Z {"event":"sanitizeMiddleware incoming","method":"POST","path":"/api/payment/verify","bodyType":"object","body":{"pidx":"test_pidx_1785166015621"},"query":{},"params":{}}
2026-07-27T15:26:57.101Z {"event":"sanitizeMiddleware incoming","method":"POST","path":"/api/payment/verify","bodyType":"object","body":{"pidx":"test_pidx_1785166015621"},"query":{},"params":{}}
2026-07-27T15:26:57.107Z {"event":"sanitizeMiddleware incoming","method":"POST","path":"/api/payment/verify","bodyType":"object","body":{"pidx":"test_pidx_1785166015621"},"query":{},"params":{}}
2026-07-27T15:26:57.116Z {"event":"sanitizeMiddleware incoming","method":"POST","path":"/api/payment/verify","bodyType":"object","body":{"pidx":"test_pidx_1785166015621"},"query":{},"params":{}}
2026-07-27T15:26:57.122Z {"event":"sanitizeMiddleware incoming","method":"POST","path":"/api/payment/verify","bodyType":"object","body":{"pidx":"test_pidx_1785166015621"},"query":{},"params":{}}
2026-07-27T15:26:57.142Z {"event":"sanitizeMiddleware incoming","method":"POST","path":"/api/payment/verify","bodyType":"object","body":{"pidx":"test_pidx_1785166015621"},"query":{},"params":{}}
2026-07-27T15:26:57.155Z {"event":"sanitizeMiddleware incoming","method":"POST","path":"/api/payment/verify","bodyType":"object","body":{"pidx":"test_pidx_1785166015621"},"query":{},"params":{}}
2026-07-27T15:26:57.169Z {"event":"sanitizeMiddleware incoming","method":"POST","path":"/api/payment/verify","bodyType":"object","body":{"pidx":"test_pidx_1785166015621"},"query":{},"params":{}}
2026-07-27T15:26:57.181Z {"event":"sanitizeMiddleware incoming","method":"POST","path":"/api/payment/verify","bodyType":"object","body":{"pidx":"test_pidx_1785166015621"},"query":{},"params":{}}
2026-07-27T15:26:57.206Z {"event":"sanitizeMiddleware incoming","method":"POST","path":"/api/payment/verify","bodyType":"object","body":{"pidx":"test_pidx_1785166015621"},"query":{},"params":{}}
2026-07-27T15:26:57.220Z {"event":"sanitizeMiddleware incoming","method":"POST","path":"/api/payment/verify","bodyType":"object","body":{"pidx":"test_pidx_1785166015621"},"query":{},"params":{}}
2026-07-27T15:26:57.264Z {"event":"sanitizeMiddleware incoming","method":"POST","path":"/api/payment/verify","bodyType":"object","body":{"pidx":"test_pidx_1785166015621"},"query":{},"params":{}}
2026-07-27T15:26:57.289Z {"event":"sanitizeMiddleware incoming","method":"POST","path":"/api/payment/verify","bodyType":"object","body":{"pidx":"test_pidx_1785166015621"},"query":{},"params":{}}
2026-07-27T15:26:57.313Z {"event":"sanitizeMiddleware incoming","method":"POST","path":"/api/payment/verify","bodyType":"object","body":{"pidx":"test_pidx_1785166015621"},"query":{},"params":{}}
2026-07-27T15:26:57.328Z {"event":"sanitizeMiddleware incoming","method":"POST","path":"/api/payment/verify","bodyType":"object","body":{"pidx":"test_pidx_1785166015621"},"query":{},"params":{}}
2026-07-27T15:26:57.343Z {"event":"sanitizeMiddleware incoming","method":"POST","path":"/api/payment/verify","bodyType":"object","body":{"pidx":"test_pidx_1785166015621"},"query":{},"params":{}}
2026-07-27T15:26:57.358Z {"event":"sanitizeMiddleware incoming","method":"POST","path":"/api/payment/verify","bodyType":"object","body":{"pidx":"test_pidx_1785166015621"},"query":{},"params":{}}
2026-07-27T15:26:57.371Z {"event":"sanitizeMiddleware incoming","method":"POST","path":"/api/payment/verify","bodyType":"object","body":{"pidx":"test_pidx_1785166015621"},"query":{},"params":{}}
2026-07-27T15:26:57.387Z {"event":"sanitizeMiddleware incoming","method":"POST","path":"/api/payment/verify","bodyType":"object","body":{"pidx":"test_pidx_1785166015621"},"query":{},"params":{}}
2026-07-27T15:26:57.405Z {"event":"sanitizeMiddleware incoming","method":"POST","path":"/api/payment/verify","bodyType":"object","body":{"pidx":"test_pidx_1785166015621"},"query":{},"params":{}}
2026-07-27T15:26:57.417Z {"event":"sanitizeMiddleware incoming","method":"POST","path":"/api/payment/verify","bodyType":"object","body":{"pidx":"test_pidx_1785166015621"},"query":{},"params":{}}
2026-07-27T15:26:57.429Z {"event":"sanitizeMiddleware incoming","method":"POST","path":"/api/payment/verify","bodyType":"object","body":{"pidx":"test_pidx_1785166015621"},"query":{},"params":{}}
2026-07-27T15:26:57.443Z {"event":"sanitizeMiddleware incoming","method":"POST","path":"/api/payment/verify","bodyType":"object","body":{"pidx":"test_pidx_1785166015621"},"query":{},"params":{}}
2026-07-27T15:26:57.482Z {"event":"sanitizeMiddleware incoming","method":"POST","path":"/api/payment/verify","bodyType":"object","body":{"pidx":"test_pidx_1785166015621"},"query":{},"params":{}}
2026-07-27T15:26:57.509Z {"event":"sanitizeMiddleware incoming","method":"POST","path":"/api/payment/verify","bodyType":"object","body":{"pidx":"test_pidx_1785166015621"},"query":{},"params":{}}
2026-07-27T15:26:57.522Z {"event":"sanitizeMiddleware incoming","method":"POST","path":"/api/payment/verify","bodyType":"object","body":{"pidx":"test_pidx_1785166015621"},"query":{},"params":{}}
2026-07-27T15:26:57.536Z {"event":"sanitizeMiddleware incoming","method":"POST","path":"/api/payment/verify","bodyType":"object","body":{"pidx":"test_pidx_1785166015621"},"query":{},"params":{}}
2026-07-27T15:26:57.549Z {"event":"sanitizeMiddleware incoming","method":"POST","path":"/api/payment/verify","bodyType":"object","body":{"pidx":"test_pidx_1785166015621"},"query":{},"params":{}}
2026-07-27T15:26:57.561Z {"event":"sanitizeMiddleware incoming","method":"POST","path":"/api/payment/verify","bodyType":"object","body":{"pidx":"test_pidx_1785166015621"},"query":{},"params":{}}
2026-07-27T15:26:57.573Z {"event":"sanitizeMiddleware incoming","method":"POST","path":"/api/payment/verify","bodyType":"object","body":{"pidx":"test_pidx_1785166015621"},"query":{},"params":{}}
2026-07-27T15:26:57.585Z {"event":"sanitizeMiddleware incoming","method":"POST","path":"/api/payment/verify","bodyType":"object","body":{"pidx":"test_pidx_1785166015621"},"query":{},"params":{}}
2026-07-27T15:26:57.596Z {"event":"sanitizeMiddleware incoming","method":"POST","path":"/api/payment/verify","bodyType":"object","body":{"pidx":"test_pidx_1785166015621"},"query":{},"params":{}}
2026-07-27T15:26:57.609Z {"event":"sanitizeMiddleware incoming","method":"POST","path":"/api/payment/verify","bodyType":"object","body":{"pidx":"test_pidx_1785166015621"},"query":{},"params":{}}
2026-07-27T15:26:57.622Z {"event":"sanitizeMiddleware incoming","method":"POST","path":"/api/payment/verify","bodyType":"object","body":{"pidx":"test_pidx_1785166015621"},"query":{},"params":{}}
2026-07-27T15:26:57.634Z {"event":"sanitizeMiddleware incoming","method":"POST","path":"/api/payment/verify","bodyType":"object","body":{"pidx":"test_pidx_1785166015621"},"query":{},"params":{}}
2026-07-27T15:26:57.645Z {"event":"sanitizeMiddleware incoming","method":"POST","path":"/api/payment/verify","bodyType":"object","body":{"pidx":"test_pidx_1785166015621"},"query":{},"params":{}}
2026-07-27T15:26:57.657Z {"event":"sanitizeMiddleware incoming","method":"POST","path":"/api/payment/verify","bodyType":"object","body":{"pidx":"test_pidx_1785166015621"},"query":{},"params":{}}
2026-07-27T15:26:57.669Z {"event":"sanitizeMiddleware incoming","method":"POST","path":"/api/payment/verify","bodyType":"object","body":{"pidx":"test_pidx_1785166015621"},"query":{},"params":{}}
2026-07-27T15:26:57.682Z {"event":"sanitizeMiddleware incoming","method":"POST","path":"/api/payment/verify","bodyType":"object","body":{"pidx":"test_pidx_1785166015621"},"query":{},"params":{}}
2026-07-27T15:26:57.693Z {"event":"sanitizeMiddleware incoming","method":"POST","path":"/api/payment/verify","bodyType":"object","body":{"pidx":"test_pidx_1785166015621"},"query":{},"params":{}}
2026-07-27T15:26:57.706Z {"event":"sanitizeMiddleware incoming","method":"POST","path":"/api/payment/verify","bodyType":"object","body":{"pidx":"test_pidx_1785166015621"},"query":{},"params":{}}
2026-07-27T15:26:57.718Z {"event":"sanitizeMiddleware incoming","method":"POST","path":"/api/payment/verify","bodyType":"object","body":{"pidx":"test_pidx_1785166015621"},"query":{},"params":{}}
2026-07-27T15:26:57.730Z {"event":"sanitizeMiddleware incoming","method":"POST","path":"/api/payment/verify","bodyType":"object","body":{"pidx":"test_pidx_1785166015621"},"query":{},"params":{}}
2026-07-27T15:26:57.743Z {"event":"sanitizeMiddleware incoming","method":"POST","path":"/api/payment/verify","bodyType":"object","body":{"pidx":"test_pidx_1785166015621"},"query":{},"params":{}}
2026-07-27T15:26:57.754Z {"event":"sanitizeMiddleware incoming","method":"POST","path":"/api/payment/verify","bodyType":"object","body":{"pidx":"test_pidx_1785166015621"},"query":{},"params":{}}
2026-07-27T15:26:57.767Z {"event":"sanitizeMiddleware incoming","method":"POST","path":"/api/payment/verify","bodyType":"object","body":{"pidx":"test_pidx_1785166015621"},"query":{},"params":{}}
2026-07-27T15:26:57.779Z {"event":"sanitizeMiddleware incoming","method":"POST","path":"/api/payment/verify","bodyType":"object","body":{"pidx":"test_pidx_1785166015621"},"query":{},"params":{}}
2026-07-27T15:26:57.797Z {"event":"sanitizeMiddleware incoming","method":"POST","path":"/api/payment/verify","bodyType":"object","body":{"pidx":"test_pidx_1785166015621"},"query":{},"params":{}}
2026-07-27T15:26:57.816Z {"event":"sanitizeMiddleware incoming","method":"POST","path":"/api/payment/verify","bodyType":"object","body":{"pidx":"test_pidx_1785166015621"},"query":{},"params":{}}
2026-07-27T15:26:57.833Z {"event":"sanitizeMiddleware incoming","method":"POST","path":"/api/payment/verify","bodyType":"object","body":{"pidx":"test_pidx_1785166015621"},"query":{},"params":{}}
2026-07-27T15:26:57.851Z {"event":"sanitizeMiddleware incoming","method":"POST","path":"/api/payment/verify","bodyType":"object","body":{"pidx":"test_pidx_1785166015621"},"query":{},"params":{}}
2026-07-27T15:26:57.867Z {"event":"sanitizeMiddleware incoming","method":"POST","path":"/api/payment/verify","bodyType":"object","body":{"pidx":"test_pidx_1785166015621"},"query":{},"params":{}}
2026-07-27T15:26:57.889Z {"event":"sanitizeMiddleware incoming","method":"POST","path":"/api/payment/verify","bodyType":"object","body":{"pidx":"test_pidx_1785166015621"},"query":{},"params":{}}
2026-07-27T15:26:57.907Z {"event":"sanitizeMiddleware incoming","method":"POST","path":"/api/payment/verify","bodyType":"object","body":{"pidx":"test_pidx_1785166015621"},"query":{},"params":{}}
2026-07-27T15:26:57.928Z {"event":"sanitizeMiddleware incoming","method":"POST","path":"/api/payment/verify","bodyType":"object","body":{"pidx":"test_pidx_1785166015621"},"query":{},"params":{}}
2026-07-27T15:26:57.946Z {"event":"sanitizeMiddleware incoming","method":"POST","path":"/api/payment/verify","bodyType":"object","body":{"pidx":"test_pidx_1785166015621"},"query":{},"params":{}}
2026-07-27T15:26:57.962Z {"event":"sanitizeMiddleware incoming","method":"POST","path":"/api/payment/verify","bodyType":"object","body":{"pidx":"test_pidx_1785166015621"},"query":{},"params":{}}
2026-07-27T15:26:57.977Z {"event":"sanitizeMiddleware incoming","method":"POST","path":"/api/payment/verify","bodyType":"object","body":{"pidx":"test_pidx_1785166015621"},"query":{},"params":{}}
2026-07-27T15:26:58.058Z {"event":"sanitizeMiddleware incoming","method":"POST","path":"/api/payment/verify","bodyType":"object","body":{"pidx":"test_pidx_1785166015621"},"query":{},"params":{}}
2026-07-27T15:26:58.154Z {"event":"sanitizeMiddleware incoming","method":"GET","path":"/api/auth/6a6777ff7178022bc782985f","bodyType":"undefined","query":{},"params":{}}
2026-07-27T15:26:58.156Z {"event":"sanitizeMiddleware incoming","method":"GET","path":"/api/cart","bodyType":"undefined","query":{},"params":{}}
2026-07-27T15:26:58.169Z {"event":"sanitizeMiddleware incoming","method":"GET","path":"/api/auth/6a6777ff7178022bc782985f","bodyType":"undefined","query":{},"params":{}}
2026-07-27T15:26:58.172Z {"event":"sanitizeMiddleware incoming","method":"GET","path":"/api/cart","bodyType":"undefined","query":{},"params":{}}
2026-07-27T15:26:59.769Z {"event":"sanitizeMiddleware incoming","method":"GET","path":"/api/cart","bodyType":"undefined","query":{},"params":{}}
2026-07-27T15:26:59.771Z {"event":"sanitizeMiddleware incoming","method":"GET","path":"/api/products","bodyType":"undefined","query":{},"params":{}}
2026-07-27T15:26:59.774Z {"event":"sanitizeMiddleware incoming","method":"GET","path":"/api/products","bodyType":"undefined","query":{},"params":{}}
2026-07-27T15:26:59.782Z {"event":"sanitizeMiddleware incoming","method":"GET","path":"/api/products","bodyType":"undefined","query":{},"params":{}}
2026-07-27T15:26:59.784Z {"event":"sanitizeMiddleware incoming","method":"GET","path":"/api/products","bodyType":"undefined","query":{},"params":{}}
2026-07-27T15:26:59.802Z {"event":"sanitizeMiddleware incoming","method":"GET","path":"/api/cart","bodyType":"undefined","query":{},"params":{}}
2026-07-27T15:26:59.804Z {"event":"sanitizeMiddleware incoming","method":"GET","path":"/uploads/1784993168656-7t24kf.jpg","bodyType":"undefined","query":{},"params":{}}
2026-07-27T15:26:59.812Z {"event":"sanitizeMiddleware incoming","method":"GET","path":"/uploads/1785090892750-zubs1w.png","bodyType":"undefined","query":{},"params":{}}
2026-07-27T15:26:59.820Z {"event":"sanitizeMiddleware incoming","method":"GET","path":"/uploads/1785083371202-imifol.jpg","bodyType":"undefined","query":{},"params":{}}
2026-07-27T15:26:59.821Z {"event":"sanitizeMiddleware incoming","method":"GET","path":"/uploads/1784993140796-w2585g.jpg","bodyType":"undefined","query":{},"params":{}}
2026-07-27T15:26:59.844Z {"event":"sanitizeMiddleware incoming","method":"GET","path":"/uploads/1784993110100-h2h1ud.jpg","bodyType":"undefined","query":{},"params":{}}
2026-07-27T15:26:59.845Z {"event":"sanitizeMiddleware incoming","method":"GET","path":"/uploads/1784993085622-40ny9z.jpg","bodyType":"undefined","query":{},"params":{}}
2026-07-27T15:27:01.936Z {"event":"sanitizeMiddleware incoming","method":"GET","path":"/api/cart","bodyType":"undefined","query":{},"params":{}}
2026-07-27T15:27:01.939Z {"event":"sanitizeMiddleware incoming","method":"GET","path":"/api/favorites","bodyType":"undefined","query":{},"params":{}}
2026-07-27T15:27:01.951Z {"event":"sanitizeMiddleware incoming","method":"GET","path":"/api/cart","bodyType":"undefined","query":{},"params":{}}
2026-07-27T15:27:01.954Z {"event":"sanitizeMiddleware incoming","method":"GET","path":"/api/favorites","bodyType":"undefined","query":{},"params":{}}
2026-07-27T15:27:03.093Z {"event":"sanitizeMiddleware incoming","method":"GET","path":"/api/cart","bodyType":"undefined","query":{},"params":{}}
2026-07-27T15:27:03.098Z {"event":"sanitizeMiddleware incoming","method":"GET","path":"/api/products","bodyType":"undefined","query":{},"params":{}}
2026-07-27T15:27:03.100Z {"event":"sanitizeMiddleware incoming","method":"GET","path":"/api/products","bodyType":"undefined","query":{},"params":{}}
2026-07-27T15:27:03.105Z {"event":"sanitizeMiddleware incoming","method":"GET","path":"/api/products","bodyType":"undefined","query":{},"params":{}}
2026-07-27T15:27:03.107Z {"event":"sanitizeMiddleware incoming","method":"GET","path":"/api/products","bodyType":"undefined","query":{},"params":{}}
2026-07-27T15:27:03.113Z {"event":"sanitizeMiddleware incoming","method":"GET","path":"/api/cart","bodyType":"undefined","query":{},"params":{}}
2026-07-27T15:27:47.457Z {"event":"sanitizeMiddleware incoming","method":"GET","path":"/api/products/6a64d5906fe7058a557f0718","bodyType":"undefined","query":{},"params":{}}
2026-07-27T15:27:47.464Z {"event":"sanitizeMiddleware incoming","method":"GET","path":"/api/cart","bodyType":"undefined","query":{},"params":{}}
2026-07-27T15:27:47.470Z {"event":"sanitizeMiddleware incoming","method":"GET","path":"/api/favorites","bodyType":"undefined","query":{},"params":{}}
2026-07-27T15:27:47.473Z {"event":"sanitizeMiddleware incoming","method":"GET","path":"/api/products/6a64d5906fe7058a557f0718","bodyType":"undefined","query":{},"params":{}}
2026-07-27T15:27:47.505Z {"event":"sanitizeMiddleware incoming","method":"GET","path":"/api/cart","bodyType":"undefined","query":{},"params":{}}
2026-07-27T15:27:47.508Z {"event":"sanitizeMiddleware incoming","method":"GET","path":"/api/favorites","bodyType":"undefined","query":{},"params":{}}
2026-07-27T15:27:47.520Z {"event":"sanitizeMiddleware incoming","method":"GET","path":"/api/cart","bodyType":"undefined","query":{},"params":{}}
2026-07-27T15:27:47.531Z {"event":"sanitizeMiddleware incoming","method":"GET","path":"/api/cart","bodyType":"undefined","query":{},"params":{}}
2026-07-27T15:27:48.608Z {"event":"sanitizeMiddleware incoming","method":"POST","path":"/api/cart/add","bodyType":"object","body":{"productId":"6a64d5906fe7058a557f0718","quantity":1},"query":{},"params":{}}
2026-07-27T15:27:48.649Z {"event":"sanitizeMiddleware incoming","method":"GET","path":"/api/cart","bodyType":"undefined","query":{},"params":{}}
2026-07-27T15:27:49.444Z {"event":"sanitizeMiddleware incoming","method":"GET","path":"/api/cart","bodyType":"undefined","query":{},"params":{}}
2026-07-27T15:27:49.457Z {"event":"sanitizeMiddleware incoming","method":"GET","path":"/api/cart","bodyType":"undefined","query":{},"params":{}}
2026-07-27T15:27:49.467Z {"event":"sanitizeMiddleware incoming","method":"GET","path":"/uploads/1784993168656-7t24kf.jpg","bodyType":"undefined","query":{},"params":{}}
2026-07-27T15:27:49.475Z {"event":"sanitizeMiddleware incoming","method":"GET","path":"/api/cart","bodyType":"undefined","query":{},"params":{}}
2026-07-27T15:27:49.490Z {"event":"sanitizeMiddleware incoming","method":"GET","path":"/api/cart","bodyType":"undefined","query":{},"params":{}}
2026-07-27T15:27:50.425Z {"event":"sanitizeMiddleware incoming","method":"GET","path":"/api/cart","bodyType":"undefined","query":{},"params":{}}
2026-07-27T15:27:50.436Z {"event":"sanitizeMiddleware incoming","method":"GET","path":"/api/cart","bodyType":"undefined","query":{},"params":{}}
2026-07-27T15:27:51.332Z {"event":"sanitizeMiddleware incoming","method":"POST","path":"/api/payment/initiate","bodyType":"object","body":{"amount":50000,"purchase_order_id":"ORDER-1785166071327","purchase_order_name":"Order ORDER-1785166071327","cart_items":[{"_id":"6a64d5906fe7058a557f0718","productId":"6a64d5906fe7058a557f0718","name":"one piece","price":500,"description":null,"image":"1784993168656-7t24kf.jpg","quantity":1}]},"query":{},"params":{}}
2026-07-27T15:27:51.755Z {"event":"sanitizeMiddleware incoming","method":"GET","path":"/api/cart","bodyType":"undefined","query":{},"params":{}}
2026-07-27T15:27:51.758Z {"event":"sanitizeMiddleware incoming","method":"POST","path":"/api/payment/verify","bodyType":"object","body":{"pidx":"test_pidx_1785166071340"},"query":{},"params":{}}
2026-07-27T15:27:51.779Z {"event":"sanitizeMiddleware incoming","method":"DELETE","path":"/api/cart/clear","bodyType":"undefined","query":{},"params":{}}
2026-07-27T15:27:51.786Z {"event":"sanitizeMiddleware incoming","method":"POST","path":"/api/payment/verify","bodyType":"object","body":{"pidx":"test_pidx_1785166071340"},"query":{},"params":{}}
2026-07-27T15:27:51.791Z {"event":"sanitizeMiddleware incoming","method":"POST","path":"/api/payment/verify","bodyType":"object","body":{"pidx":"test_pidx_1785166071340"},"query":{},"params":{}}
2026-07-27T15:27:51.805Z {"event":"sanitizeMiddleware incoming","method":"POST","path":"/api/payment/verify","bodyType":"object","body":{"pidx":"test_pidx_1785166071340"},"query":{},"params":{}}
2026-07-27T15:27:51.812Z {"event":"sanitizeMiddleware incoming","method":"GET","path":"/api/cart","bodyType":"undefined","query":{},"params":{}}
2026-07-27T15:27:51.815Z {"event":"sanitizeMiddleware incoming","method":"POST","path":"/api/payment/verify","bodyType":"object","body":{"pidx":"test_pidx_1785166071340"},"query":{},"params":{}}
2026-07-27T15:27:51.823Z {"event":"sanitizeMiddleware incoming","method":"POST","path":"/api/payment/verify","bodyType":"object","body":{"pidx":"test_pidx_1785166071340"},"query":{},"params":{}}
2026-07-27T15:27:51.831Z {"event":"sanitizeMiddleware incoming","method":"POST","path":"/api/payment/verify","bodyType":"object","body":{"pidx":"test_pidx_1785166071340"},"query":{},"params":{}}
2026-07-27T15:27:51.837Z {"event":"sanitizeMiddleware incoming","method":"POST","path":"/api/payment/verify","bodyType":"object","body":{"pidx":"test_pidx_1785166071340"},"query":{},"params":{}}
2026-07-27T15:27:51.843Z {"event":"sanitizeMiddleware incoming","method":"POST","path":"/api/payment/verify","bodyType":"object","body":{"pidx":"test_pidx_1785166071340"},"query":{},"params":{}}
2026-07-27T15:27:51.849Z {"event":"sanitizeMiddleware incoming","method":"POST","path":"/api/payment/verify","bodyType":"object","body":{"pidx":"test_pidx_1785166071340"},"query":{},"params":{}}
2026-07-27T15:27:51.855Z {"event":"sanitizeMiddleware incoming","method":"POST","path":"/api/payment/verify","bodyType":"object","body":{"pidx":"test_pidx_1785166071340"},"query":{},"params":{}}
2026-07-27T15:27:51.860Z {"event":"sanitizeMiddleware incoming","method":"POST","path":"/api/payment/verify","bodyType":"object","body":{"pidx":"test_pidx_1785166071340"},"query":{},"params":{}}
2026-07-27T15:27:51.867Z {"event":"sanitizeMiddleware incoming","method":"POST","path":"/api/payment/verify","bodyType":"object","body":{"pidx":"test_pidx_1785166071340"},"query":{},"params":{}}
2026-07-27T15:27:51.872Z {"event":"sanitizeMiddleware incoming","method":"POST","path":"/api/payment/verify","bodyType":"object","body":{"pidx":"test_pidx_1785166071340"},"query":{},"params":{}}
2026-07-27T15:27:51.877Z {"event":"sanitizeMiddleware incoming","method":"POST","path":"/api/payment/verify","bodyType":"object","body":{"pidx":"test_pidx_1785166071340"},"query":{},"params":{}}
2026-07-27T15:27:51.885Z {"event":"sanitizeMiddleware incoming","method":"POST","path":"/api/payment/verify","bodyType":"object","body":{"pidx":"test_pidx_1785166071340"},"query":{},"params":{}}
2026-07-27T15:27:51.890Z {"event":"sanitizeMiddleware incoming","method":"POST","path":"/api/payment/verify","bodyType":"object","body":{"pidx":"test_pidx_1785166071340"},"query":{},"params":{}}
2026-07-27T15:27:51.896Z {"event":"sanitizeMiddleware incoming","method":"POST","path":"/api/payment/verify","bodyType":"object","body":{"pidx":"test_pidx_1785166071340"},"query":{},"params":{}}
2026-07-27T15:27:51.902Z {"event":"sanitizeMiddleware incoming","method":"POST","path":"/api/payment/verify","bodyType":"object","body":{"pidx":"test_pidx_1785166071340"},"query":{},"params":{}}
2026-07-27T15:27:51.907Z {"event":"sanitizeMiddleware incoming","method":"POST","path":"/api/payment/verify","bodyType":"object","body":{"pidx":"test_pidx_1785166071340"},"query":{},"params":{}}
2026-07-27T15:27:51.915Z {"event":"sanitizeMiddleware incoming","method":"POST","path":"/api/payment/verify","bodyType":"object","body":{"pidx":"test_pidx_1785166071340"},"query":{},"params":{}}
2026-07-27T15:27:51.919Z {"event":"sanitizeMiddleware incoming","method":"POST","path":"/api/payment/verify","bodyType":"object","body":{"pidx":"test_pidx_1785166071340"},"query":{},"params":{}}
2026-07-27T15:27:51.926Z {"event":"sanitizeMiddleware incoming","method":"POST","path":"/api/payment/verify","bodyType":"object","body":{"pidx":"test_pidx_1785166071340"},"query":{},"params":{}}
2026-07-27T15:27:51.931Z {"event":"sanitizeMiddleware incoming","method":"POST","path":"/api/payment/verify","bodyType":"object","body":{"pidx":"test_pidx_1785166071340"},"query":{},"params":{}}
2026-07-27T15:27:51.937Z {"event":"sanitizeMiddleware incoming","method":"POST","path":"/api/payment/verify","bodyType":"object","body":{"pidx":"test_pidx_1785166071340"},"query":{},"params":{}}
2026-07-27T15:27:51.943Z {"event":"sanitizeMiddleware incoming","method":"POST","path":"/api/payment/verify","bodyType":"object","body":{"pidx":"test_pidx_1785166071340"},"query":{},"params":{}}
2026-07-27T15:27:51.949Z {"event":"sanitizeMiddleware incoming","method":"POST","path":"/api/payment/verify","bodyType":"object","body":{"pidx":"test_pidx_1785166071340"},"query":{},"params":{}}
2026-07-27T15:27:51.954Z {"event":"sanitizeMiddleware incoming","method":"POST","path":"/api/payment/verify","bodyType":"object","body":{"pidx":"test_pidx_1785166071340"},"query":{},"params":{}}
2026-07-27T15:27:51.960Z {"event":"sanitizeMiddleware incoming","method":"POST","path":"/api/payment/verify","bodyType":"object","body":{"pidx":"test_pidx_1785166071340"},"query":{},"params":{}}
2026-07-27T15:27:51.966Z {"event":"sanitizeMiddleware incoming","method":"POST","path":"/api/payment/verify","bodyType":"object","body":{"pidx":"test_pidx_1785166071340"},"query":{},"params":{}}
2026-07-27T15:27:51.971Z {"event":"sanitizeMiddleware incoming","method":"POST","path":"/api/payment/verify","bodyType":"object","body":{"pidx":"test_pidx_1785166071340"},"query":{},"params":{}}
2026-07-27T15:27:51.978Z {"event":"sanitizeMiddleware incoming","method":"POST","path":"/api/payment/verify","bodyType":"object","body":{"pidx":"test_pidx_1785166071340"},"query":{},"params":{}}
2026-07-27T15:27:51.984Z {"event":"sanitizeMiddleware incoming","method":"POST","path":"/api/payment/verify","bodyType":"object","body":{"pidx":"test_pidx_1785166071340"},"query":{},"params":{}}
2026-07-27T15:27:51.990Z {"event":"sanitizeMiddleware incoming","method":"POST","path":"/api/payment/verify","bodyType":"object","body":{"pidx":"test_pidx_1785166071340"},"query":{},"params":{}}
2026-07-27T15:27:51.997Z {"event":"sanitizeMiddleware incoming","method":"POST","path":"/api/payment/verify","bodyType":"object","body":{"pidx":"test_pidx_1785166071340"},"query":{},"params":{}}
2026-07-27T15:27:52.002Z {"event":"sanitizeMiddleware incoming","method":"POST","path":"/api/payment/verify","bodyType":"object","body":{"pidx":"test_pidx_1785166071340"},"query":{},"params":{}}
2026-07-27T15:27:52.008Z {"event":"sanitizeMiddleware incoming","method":"POST","path":"/api/payment/verify","bodyType":"object","body":{"pidx":"test_pidx_1785166071340"},"query":{},"params":{}}
2026-07-27T15:27:52.013Z {"event":"sanitizeMiddleware incoming","method":"POST","path":"/api/payment/verify","bodyType":"object","body":{"pidx":"test_pidx_1785166071340"},"query":{},"params":{}}
2026-07-27T15:27:52.020Z {"event":"sanitizeMiddleware incoming","method":"POST","path":"/api/payment/verify","bodyType":"object","body":{"pidx":"test_pidx_1785166071340"},"query":{},"params":{}}
2026-07-27T15:27:52.025Z {"event":"sanitizeMiddleware incoming","method":"POST","path":"/api/payment/verify","bodyType":"object","body":{"pidx":"test_pidx_1785166071340"},"query":{},"params":{}}
2026-07-27T15:27:52.030Z {"event":"sanitizeMiddleware incoming","method":"POST","path":"/api/payment/verify","bodyType":"object","body":{"pidx":"test_pidx_1785166071340"},"query":{},"params":{}}
2026-07-27T15:27:52.035Z {"event":"sanitizeMiddleware incoming","method":"POST","path":"/api/payment/verify","bodyType":"object","body":{"pidx":"test_pidx_1785166071340"},"query":{},"params":{}}
2026-07-27T15:27:52.040Z {"event":"sanitizeMiddleware incoming","method":"POST","path":"/api/payment/verify","bodyType":"object","body":{"pidx":"test_pidx_1785166071340"},"query":{},"params":{}}
2026-07-27T15:27:52.046Z {"event":"sanitizeMiddleware incoming","method":"POST","path":"/api/payment/verify","bodyType":"object","body":{"pidx":"test_pidx_1785166071340"},"query":{},"params":{}}
2026-07-27T15:27:52.053Z {"event":"sanitizeMiddleware incoming","method":"POST","path":"/api/payment/verify","bodyType":"object","body":{"pidx":"test_pidx_1785166071340"},"query":{},"params":{}}
2026-07-27T15:27:52.058Z {"event":"sanitizeMiddleware incoming","method":"POST","path":"/api/payment/verify","bodyType":"object","body":{"pidx":"test_pidx_1785166071340"},"query":{},"params":{}}
2026-07-27T15:27:52.065Z {"event":"sanitizeMiddleware incoming","method":"POST","path":"/api/payment/verify","bodyType":"object","body":{"pidx":"test_pidx_1785166071340"},"query":{},"params":{}}
2026-07-27T15:27:52.071Z {"event":"sanitizeMiddleware incoming","method":"POST","path":"/api/payment/verify","bodyType":"object","body":{"pidx":"test_pidx_1785166071340"},"query":{},"params":{}}
2026-07-27T15:27:52.079Z {"event":"sanitizeMiddleware incoming","method":"POST","path":"/api/payment/verify","bodyType":"object","body":{"pidx":"test_pidx_1785166071340"},"query":{},"params":{}}
2026-07-27T15:27:52.085Z {"event":"sanitizeMiddleware incoming","method":"POST","path":"/api/payment/verify","bodyType":"object","body":{"pidx":"test_pidx_1785166071340"},"query":{},"params":{}}
2026-07-27T15:27:52.092Z {"event":"sanitizeMiddleware incoming","method":"POST","path":"/api/payment/verify","bodyType":"object","body":{"pidx":"test_pidx_1785166071340"},"query":{},"params":{}}
2026-07-27T15:27:52.096Z {"event":"sanitizeMiddleware incoming","method":"POST","path":"/api/payment/verify","bodyType":"object","body":{"pidx":"test_pidx_1785166071340"},"query":{},"params":{}}
2026-07-27T15:27:52.103Z {"event":"sanitizeMiddleware incoming","method":"POST","path":"/api/payment/verify","bodyType":"object","body":{"pidx":"test_pidx_1785166071340"},"query":{},"params":{}}
2026-07-27T15:27:52.107Z {"event":"sanitizeMiddleware incoming","method":"POST","path":"/api/payment/verify","bodyType":"object","body":{"pidx":"test_pidx_1785166071340"},"query":{},"params":{}}
2026-07-27T15:27:52.113Z {"event":"sanitizeMiddleware incoming","method":"POST","path":"/api/payment/verify","bodyType":"object","body":{"pidx":"test_pidx_1785166071340"},"query":{},"params":{}}
2026-07-27T15:27:52.118Z {"event":"sanitizeMiddleware incoming","method":"POST","path":"/api/payment/verify","bodyType":"object","body":{"pidx":"test_pidx_1785166071340"},"query":{},"params":{}}
2026-07-27T15:27:52.123Z {"event":"sanitizeMiddleware incoming","method":"POST","path":"/api/payment/verify","bodyType":"object","body":{"pidx":"test_pidx_1785166071340"},"query":{},"params":{}}
2026-07-27T15:27:52.130Z {"event":"sanitizeMiddleware incoming","method":"POST","path":"/api/payment/verify","bodyType":"object","body":{"pidx":"test_pidx_1785166071340"},"query":{},"params":{}}
2026-07-27T15:27:52.136Z {"event":"sanitizeMiddleware incoming","method":"POST","path":"/api/payment/verify","bodyType":"object","body":{"pidx":"test_pidx_1785166071340"},"query":{},"params":{}}
2026-07-27T15:27:52.143Z {"event":"sanitizeMiddleware incoming","method":"POST","path":"/api/payment/verify","bodyType":"object","body":{"pidx":"test_pidx_1785166071340"},"query":{},"params":{}}
2026-07-27T15:27:52.149Z {"event":"sanitizeMiddleware incoming","method":"POST","path":"/api/payment/verify","bodyType":"object","body":{"pidx":"test_pidx_1785166071340"},"query":{},"params":{}}
2026-07-27T15:27:52.155Z {"event":"sanitizeMiddleware incoming","method":"POST","path":"/api/payment/verify","bodyType":"object","body":{"pidx":"test_pidx_1785166071340"},"query":{},"params":{}}
2026-07-27T15:27:52.160Z {"event":"sanitizeMiddleware incoming","method":"POST","path":"/api/payment/verify","bodyType":"object","body":{"pidx":"test_pidx_1785166071340"},"query":{},"params":{}}
2026-07-27T15:27:52.165Z {"event":"sanitizeMiddleware incoming","method":"POST","path":"/api/payment/verify","bodyType":"object","body":{"pidx":"test_pidx_1785166071340"},"query":{},"params":{}}
2026-07-27T15:27:52.170Z {"event":"sanitizeMiddleware incoming","method":"POST","path":"/api/payment/verify","bodyType":"object","body":{"pidx":"test_pidx_1785166071340"},"query":{},"params":{}}
2026-07-27T15:27:52.176Z {"event":"sanitizeMiddleware incoming","method":"POST","path":"/api/payment/verify","bodyType":"object","body":{"pidx":"test_pidx_1785166071340"},"query":{},"params":{}}
2026-07-27T15:27:52.183Z {"event":"sanitizeMiddleware incoming","method":"POST","path":"/api/payment/verify","bodyType":"object","body":{"pidx":"test_pidx_1785166071340"},"query":{},"params":{}}
2026-07-27T15:27:52.188Z {"event":"sanitizeMiddleware incoming","method":"POST","path":"/api/payment/verify","bodyType":"object","body":{"pidx":"test_pidx_1785166071340"},"query":{},"params":{}}
2026-07-27T15:27:52.194Z {"event":"sanitizeMiddleware incoming","method":"POST","path":"/api/payment/verify","bodyType":"object","body":{"pidx":"test_pidx_1785166071340"},"query":{},"params":{}}
2026-07-27T15:27:52.200Z {"event":"sanitizeMiddleware incoming","method":"POST","path":"/api/payment/verify","bodyType":"object","body":{"pidx":"test_pidx_1785166071340"},"query":{},"params":{}}
2026-07-27T15:27:52.205Z {"event":"sanitizeMiddleware incoming","method":"POST","path":"/api/payment/verify","bodyType":"object","body":{"pidx":"test_pidx_1785166071340"},"query":{},"params":{}}
2026-07-27T15:27:52.211Z {"event":"sanitizeMiddleware incoming","method":"POST","path":"/api/payment/verify","bodyType":"object","body":{"pidx":"test_pidx_1785166071340"},"query":{},"params":{}}
2026-07-27T15:27:52.216Z {"event":"sanitizeMiddleware incoming","method":"POST","path":"/api/payment/verify","bodyType":"object","body":{"pidx":"test_pidx_1785166071340"},"query":{},"params":{}}
2026-07-27T15:27:52.222Z {"event":"sanitizeMiddleware incoming","method":"POST","path":"/api/payment/verify","bodyType":"object","body":{"pidx":"test_pidx_1785166071340"},"query":{},"params":{}}
2026-07-27T15:27:52.227Z {"event":"sanitizeMiddleware incoming","method":"POST","path":"/api/payment/verify","bodyType":"object","body":{"pidx":"test_pidx_1785166071340"},"query":{},"params":{}}
2026-07-27T15:27:52.234Z {"event":"sanitizeMiddleware incoming","method":"POST","path":"/api/payment/verify","bodyType":"object","body":{"pidx":"test_pidx_1785166071340"},"query":{},"params":{}}
2026-07-27T15:27:52.239Z {"event":"sanitizeMiddleware incoming","method":"POST","path":"/api/payment/verify","bodyType":"object","body":{"pidx":"test_pidx_1785166071340"},"query":{},"params":{}}
2026-07-27T15:27:52.244Z {"event":"sanitizeMiddleware incoming","method":"POST","path":"/api/payment/verify","bodyType":"object","body":{"pidx":"test_pidx_1785166071340"},"query":{},"params":{}}
2026-07-27T15:27:52.250Z {"event":"sanitizeMiddleware incoming","method":"POST","path":"/api/payment/verify","bodyType":"object","body":{"pidx":"test_pidx_1785166071340"},"query":{},"params":{}}
2026-07-27T15:27:52.255Z {"event":"sanitizeMiddleware incoming","method":"POST","path":"/api/payment/verify","bodyType":"object","body":{"pidx":"test_pidx_1785166071340"},"query":{},"params":{}}
2026-07-27T15:27:52.261Z {"event":"sanitizeMiddleware incoming","method":"POST","path":"/api/payment/verify","bodyType":"object","body":{"pidx":"test_pidx_1785166071340"},"query":{},"params":{}}
2026-07-27T15:27:52.266Z {"event":"sanitizeMiddleware incoming","method":"POST","path":"/api/payment/verify","bodyType":"object","body":{"pidx":"test_pidx_1785166071340"},"query":{},"params":{}}
2026-07-27T15:27:52.274Z {"event":"sanitizeMiddleware incoming","method":"POST","path":"/api/payment/verify","bodyType":"object","body":{"pidx":"test_pidx_1785166071340"},"query":{},"params":{}}
2026-07-27T15:27:52.279Z {"event":"sanitizeMiddleware incoming","method":"POST","path":"/api/payment/verify","bodyType":"object","body":{"pidx":"test_pidx_1785166071340"},"query":{},"params":{}}
2026-07-27T15:27:52.284Z {"event":"sanitizeMiddleware incoming","method":"POST","path":"/api/payment/verify","bodyType":"object","body":{"pidx":"test_pidx_1785166071340"},"query":{},"params":{}}
2026-07-27T15:27:52.291Z {"event":"sanitizeMiddleware incoming","method":"POST","path":"/api/payment/verify","bodyType":"object","body":{"pidx":"test_pidx_1785166071340"},"query":{},"params":{}}
2026-07-27T15:27:52.297Z {"event":"sanitizeMiddleware incoming","method":"POST","path":"/api/payment/verify","bodyType":"object","body":{"pidx":"test_pidx_1785166071340"},"query":{},"params":{}}
2026-07-27T15:27:52.303Z {"event":"sanitizeMiddleware incoming","method":"POST","path":"/api/payment/verify","bodyType":"object","body":{"pidx":"test_pidx_1785166071340"},"query":{},"params":{}}
2026-07-27T15:27:52.308Z {"event":"sanitizeMiddleware incoming","method":"POST","path":"/api/payment/verify","bodyType":"object","body":{"pidx":"test_pidx_1785166071340"},"query":{},"params":{}}
2026-07-27T15:27:52.313Z {"event":"sanitizeMiddleware incoming","method":"POST","path":"/api/payment/verify","bodyType":"object","body":{"pidx":"test_pidx_1785166071340"},"query":{},"params":{}}
2026-07-27T15:27:52.319Z {"event":"sanitizeMiddleware incoming","method":"POST","path":"/api/payment/verify","bodyType":"object","body":{"pidx":"test_pidx_1785166071340"},"query":{},"params":{}}
2026-07-27T15:27:52.324Z {"event":"sanitizeMiddleware incoming","method":"POST","path":"/api/payment/verify","bodyType":"object","body":{"pidx":"test_pidx_1785166071340"},"query":{},"params":{}}
2026-07-27T15:27:52.330Z {"event":"sanitizeMiddleware incoming","method":"POST","path":"/api/payment/verify","bodyType":"object","body":{"pidx":"test_pidx_1785166071340"},"query":{},"params":{}}
2026-07-27T15:27:52.335Z {"event":"sanitizeMiddleware incoming","method":"POST","path":"/api/payment/verify","bodyType":"object","body":{"pidx":"test_pidx_1785166071340"},"query":{},"params":{}}
2026-07-27T15:27:52.341Z {"event":"sanitizeMiddleware incoming","method":"POST","path":"/api/payment/verify","bodyType":"object","body":{"pidx":"test_pidx_1785166071340"},"query":{},"params":{}}
2026-07-27T15:27:52.347Z {"event":"sanitizeMiddleware incoming","method":"POST","path":"/api/payment/verify","bodyType":"object","body":{"pidx":"test_pidx_1785166071340"},"query":{},"params":{}}
2026-07-27T15:27:52.351Z {"event":"sanitizeMiddleware incoming","method":"POST","path":"/api/payment/verify","bodyType":"object","body":{"pidx":"test_pidx_1785166071340"},"query":{},"params":{}}
2026-07-27T15:27:52.357Z {"event":"sanitizeMiddleware incoming","method":"POST","path":"/api/payment/verify","bodyType":"object","body":{"pidx":"test_pidx_1785166071340"},"query":{},"params":{}}
2026-07-27T15:27:52.363Z {"event":"sanitizeMiddleware incoming","method":"POST","path":"/api/payment/verify","bodyType":"object","body":{"pidx":"test_pidx_1785166071340"},"query":{},"params":{}}
2026-07-27T15:27:52.370Z {"event":"sanitizeMiddleware incoming","method":"POST","path":"/api/payment/verify","bodyType":"object","body":{"pidx":"test_pidx_1785166071340"},"query":{},"params":{}}
2026-07-27T15:27:52.377Z {"event":"sanitizeMiddleware incoming","method":"POST","path":"/api/payment/verify","bodyType":"object","body":{"pidx":"test_pidx_1785166071340"},"query":{},"params":{}}
2026-07-27T15:27:52.381Z {"event":"sanitizeMiddleware incoming","method":"POST","path":"/api/payment/verify","bodyType":"object","body":{"pidx":"test_pidx_1785166071340"},"query":{},"params":{}}
2026-07-27T15:27:52.388Z {"event":"sanitizeMiddleware incoming","method":"POST","path":"/api/payment/verify","bodyType":"object","body":{"pidx":"test_pidx_1785166071340"},"query":{},"params":{}}
2026-07-27T15:27:52.394Z {"event":"sanitizeMiddleware incoming","method":"POST","path":"/api/payment/verify","bodyType":"object","body":{"pidx":"test_pidx_1785166071340"},"query":{},"params":{}}
2026-07-27T15:27:52.398Z {"event":"sanitizeMiddleware incoming","method":"POST","path":"/api/payment/verify","bodyType":"object","body":{"pidx":"test_pidx_1785166071340"},"query":{},"params":{}}
2026-07-27T15:27:52.404Z {"event":"sanitizeMiddleware incoming","method":"POST","path":"/api/payment/verify","bodyType":"object","body":{"pidx":"test_pidx_1785166071340"},"query":{},"params":{}}
2026-07-27T15:27:52.409Z {"event":"sanitizeMiddleware incoming","method":"POST","path":"/api/payment/verify","bodyType":"object","body":{"pidx":"test_pidx_1785166071340"},"query":{},"params":{}}
2026-07-27T15:27:52.414Z {"event":"sanitizeMiddleware incoming","method":"POST","path":"/api/payment/verify","bodyType":"object","body":{"pidx":"test_pidx_1785166071340"},"query":{},"params":{}}
2026-07-27T15:27:52.422Z {"event":"sanitizeMiddleware incoming","method":"POST","path":"/api/payment/verify","bodyType":"object","body":{"pidx":"test_pidx_1785166071340"},"query":{},"params":{}}
2026-07-27T15:27:52.427Z {"event":"sanitizeMiddleware incoming","method":"POST","path":"/api/payment/verify","bodyType":"object","body":{"pidx":"test_pidx_1785166071340"},"query":{},"params":{}}
2026-07-27T15:27:52.433Z {"event":"sanitizeMiddleware incoming","method":"POST","path":"/api/payment/verify","bodyType":"object","body":{"pidx":"test_pidx_1785166071340"},"query":{},"params":{}}
2026-07-27T15:27:52.438Z {"event":"sanitizeMiddleware incoming","method":"POST","path":"/api/payment/verify","bodyType":"object","body":{"pidx":"test_pidx_1785166071340"},"query":{},"params":{}}
2026-07-27T15:27:52.444Z {"event":"sanitizeMiddleware incoming","method":"POST","path":"/api/payment/verify","bodyType":"object","body":{"pidx":"test_pidx_1785166071340"},"query":{},"params":{}}
2026-07-27T15:27:52.452Z {"event":"sanitizeMiddleware incoming","method":"POST","path":"/api/payment/verify","bodyType":"object","body":{"pidx":"test_pidx_1785166071340"},"query":{},"params":{}}
2026-07-27T15:27:52.457Z {"event":"sanitizeMiddleware incoming","method":"POST","path":"/api/payment/verify","bodyType":"object","body":{"pidx":"test_pidx_1785166071340"},"query":{},"params":{}}
2026-07-27T15:27:52.464Z {"event":"sanitizeMiddleware incoming","method":"POST","path":"/api/payment/verify","bodyType":"object","body":{"pidx":"test_pidx_1785166071340"},"query":{},"params":{}}
2026-07-27T15:27:52.471Z {"event":"sanitizeMiddleware incoming","method":"POST","path":"/api/payment/verify","bodyType":"object","body":{"pidx":"test_pidx_1785166071340"},"query":{},"params":{}}
2026-07-27T15:27:52.479Z {"event":"sanitizeMiddleware incoming","method":"POST","path":"/api/payment/verify","bodyType":"object","body":{"pidx":"test_pidx_1785166071340"},"query":{},"params":{}}
2026-07-27T15:27:52.485Z {"event":"sanitizeMiddleware incoming","method":"POST","path":"/api/payment/verify","bodyType":"object","body":{"pidx":"test_pidx_1785166071340"},"query":{},"params":{}}
2026-07-27T15:27:52.490Z {"event":"sanitizeMiddleware incoming","method":"POST","path":"/api/payment/verify","bodyType":"object","body":{"pidx":"test_pidx_1785166071340"},"query":{},"params":{}}
2026-07-27T15:27:52.495Z {"event":"sanitizeMiddleware incoming","method":"POST","path":"/api/payment/verify","bodyType":"object","body":{"pidx":"test_pidx_1785166071340"},"query":{},"params":{}}
2026-07-27T15:27:52.501Z {"event":"sanitizeMiddleware incoming","method":"POST","path":"/api/payment/verify","bodyType":"object","body":{"pidx":"test_pidx_1785166071340"},"query":{},"params":{}}
2026-07-27T15:27:52.505Z {"event":"sanitizeMiddleware incoming","method":"POST","path":"/api/payment/verify","bodyType":"object","body":{"pidx":"test_pidx_1785166071340"},"query":{},"params":{}}
2026-07-27T15:27:52.511Z {"event":"sanitizeMiddleware incoming","method":"POST","path":"/api/payment/verify","bodyType":"object","body":{"pidx":"test_pidx_1785166071340"},"query":{},"params":{}}
2026-07-27T15:27:52.534Z {"event":"sanitizeMiddleware incoming","method":"POST","path":"/api/payment/verify","bodyType":"object","body":{"pidx":"test_pidx_1785166071340"},"query":{},"params":{}}
2026-07-27T15:27:52.539Z {"event":"sanitizeMiddleware incoming","method":"POST","path":"/api/payment/verify","bodyType":"object","body":{"pidx":"test_pidx_1785166071340"},"query":{},"params":{}}
2026-07-27T15:27:52.547Z {"event":"sanitizeMiddleware incoming","method":"POST","path":"/api/payment/verify","bodyType":"object","body":{"pidx":"test_pidx_1785166071340"},"query":{},"params":{}}
2026-07-27T15:27:52.553Z {"event":"sanitizeMiddleware incoming","method":"POST","path":"/api/payment/verify","bodyType":"object","body":{"pidx":"test_pidx_1785166071340"},"query":{},"params":{}}
2026-07-27T15:27:52.561Z {"event":"sanitizeMiddleware incoming","method":"POST","path":"/api/payment/verify","bodyType":"object","body":{"pidx":"test_pidx_1785166071340"},"query":{},"params":{}}
2026-07-27T15:27:52.567Z {"event":"sanitizeMiddleware incoming","method":"POST","path":"/api/payment/verify","bodyType":"object","body":{"pidx":"test_pidx_1785166071340"},"query":{},"params":{}}
2026-07-27T15:27:52.576Z {"event":"sanitizeMiddleware incoming","method":"POST","path":"/api/payment/verify","bodyType":"object","body":{"pidx":"test_pidx_1785166071340"},"query":{},"params":{}}
2026-07-27T15:27:52.583Z {"event":"sanitizeMiddleware incoming","method":"POST","path":"/api/payment/verify","bodyType":"object","body":{"pidx":"test_pidx_1785166071340"},"query":{},"params":{}}
2026-07-27T15:27:52.590Z {"event":"sanitizeMiddleware incoming","method":"POST","path":"/api/payment/verify","bodyType":"object","body":{"pidx":"test_pidx_1785166071340"},"query":{},"params":{}}
2026-07-27T15:27:52.596Z {"event":"sanitizeMiddleware incoming","method":"POST","path":"/api/payment/verify","bodyType":"object","body":{"pidx":"test_pidx_1785166071340"},"query":{},"params":{}}
2026-07-27T15:27:52.605Z {"event":"sanitizeMiddleware incoming","method":"POST","path":"/api/payment/verify","bodyType":"object","body":{"pidx":"test_pidx_1785166071340"},"query":{},"params":{}}
2026-07-27T15:27:52.613Z {"event":"sanitizeMiddleware incoming","method":"POST","path":"/api/payment/verify","bodyType":"object","body":{"pidx":"test_pidx_1785166071340"},"query":{},"params":{}}
2026-07-27T15:27:52.621Z {"event":"sanitizeMiddleware incoming","method":"POST","path":"/api/payment/verify","bodyType":"object","body":{"pidx":"test_pidx_1785166071340"},"query":{},"params":{}}
2026-07-27T15:27:52.628Z {"event":"sanitizeMiddleware incoming","method":"POST","path":"/api/payment/verify","bodyType":"object","body":{"pidx":"test_pidx_1785166071340"},"query":{},"params":{}}
2026-07-27T15:27:52.635Z {"event":"sanitizeMiddleware incoming","method":"POST","path":"/api/payment/verify","bodyType":"object","body":{"pidx":"test_pidx_1785166071340"},"query":{},"params":{}}
2026-07-27T15:27:52.643Z {"event":"sanitizeMiddleware incoming","method":"POST","path":"/api/payment/verify","bodyType":"object","body":{"pidx":"test_pidx_1785166071340"},"query":{},"params":{}}
2026-07-27T15:27:52.650Z {"event":"sanitizeMiddleware incoming","method":"POST","path":"/api/payment/verify","bodyType":"object","body":{"pidx":"test_pidx_1785166071340"},"query":{},"params":{}}
2026-07-27T15:27:52.658Z {"event":"sanitizeMiddleware incoming","method":"POST","path":"/api/payment/verify","bodyType":"object","body":{"pidx":"test_pidx_1785166071340"},"query":{},"params":{}}
2026-07-27T15:27:52.666Z {"event":"sanitizeMiddleware incoming","method":"POST","path":"/api/payment/verify","bodyType":"object","body":{"pidx":"test_pidx_1785166071340"},"query":{},"params":{}}
2026-07-27T15:27:52.674Z {"event":"sanitizeMiddleware incoming","method":"POST","path":"/api/payment/verify","bodyType":"object","body":{"pidx":"test_pidx_1785166071340"},"query":{},"params":{}}
2026-07-27T15:27:52.683Z {"event":"sanitizeMiddleware incoming","method":"POST","path":"/api/payment/verify","bodyType":"object","body":{"pidx":"test_pidx_1785166071340"},"query":{},"params":{}}
2026-07-27T15:27:52.690Z {"event":"sanitizeMiddleware incoming","method":"POST","path":"/api/payment/verify","bodyType":"object","body":{"pidx":"test_pidx_1785166071340"},"query":{},"params":{}}
2026-07-27T15:27:52.698Z {"event":"sanitizeMiddleware incoming","method":"POST","path":"/api/payment/verify","bodyType":"object","body":{"pidx":"test_pidx_1785166071340"},"query":{},"params":{}}
2026-07-27T15:27:52.705Z {"event":"sanitizeMiddleware incoming","method":"POST","path":"/api/payment/verify","bodyType":"object","body":{"pidx":"test_pidx_1785166071340"},"query":{},"params":{}}
2026-07-27T15:27:52.713Z {"event":"sanitizeMiddleware incoming","method":"POST","path":"/api/payment/verify","bodyType":"object","body":{"pidx":"test_pidx_1785166071340"},"query":{},"params":{}}
2026-07-27T15:27:52.720Z {"event":"sanitizeMiddleware incoming","method":"POST","path":"/api/payment/verify","bodyType":"object","body":{"pidx":"test_pidx_1785166071340"},"query":{},"params":{}}
2026-07-27T15:27:52.729Z {"event":"sanitizeMiddleware incoming","method":"POST","path":"/api/payment/verify","bodyType":"object","body":{"pidx":"test_pidx_1785166071340"},"query":{},"params":{}}
2026-07-27T15:27:52.736Z {"event":"sanitizeMiddleware incoming","method":"POST","path":"/api/payment/verify","bodyType":"object","body":{"pidx":"test_pidx_1785166071340"},"query":{},"params":{}}
2026-07-27T15:27:52.746Z {"event":"sanitizeMiddleware incoming","method":"POST","path":"/api/payment/verify","bodyType":"object","body":{"pidx":"test_pidx_1785166071340"},"query":{},"params":{}}
2026-07-27T15:27:52.752Z {"event":"sanitizeMiddleware incoming","method":"POST","path":"/api/payment/verify","bodyType":"object","body":{"pidx":"test_pidx_1785166071340"},"query":{},"params":{}}
2026-07-27T15:27:52.760Z {"event":"sanitizeMiddleware incoming","method":"POST","path":"/api/payment/verify","bodyType":"object","body":{"pidx":"test_pidx_1785166071340"},"query":{},"params":{}}
2026-07-27T15:27:52.767Z {"event":"sanitizeMiddleware incoming","method":"POST","path":"/api/payment/verify","bodyType":"object","body":{"pidx":"test_pidx_1785166071340"},"query":{},"params":{}}
2026-07-27T15:27:52.776Z {"event":"sanitizeMiddleware incoming","method":"POST","path":"/api/payment/verify","bodyType":"object","body":{"pidx":"test_pidx_1785166071340"},"query":{},"params":{}}
2026-07-27T15:27:52.785Z {"event":"sanitizeMiddleware incoming","method":"POST","path":"/api/payment/verify","bodyType":"object","body":{"pidx":"test_pidx_1785166071340"},"query":{},"params":{}}
2026-07-27T15:27:52.792Z {"event":"sanitizeMiddleware incoming","method":"POST","path":"/api/payment/verify","bodyType":"object","body":{"pidx":"test_pidx_1785166071340"},"query":{},"params":{}}
2026-07-27T15:27:52.803Z {"event":"sanitizeMiddleware incoming","method":"POST","path":"/api/payment/verify","bodyType":"object","body":{"pidx":"test_pidx_1785166071340"},"query":{},"params":{}}
2026-07-27T15:27:52.810Z {"event":"sanitizeMiddleware incoming","method":"POST","path":"/api/payment/verify","bodyType":"object","body":{"pidx":"test_pidx_1785166071340"},"query":{},"params":{}}
2026-07-27T15:27:52.825Z {"event":"sanitizeMiddleware incoming","method":"POST","path":"/api/payment/verify","bodyType":"object","body":{"pidx":"test_pidx_1785166071340"},"query":{},"params":{}}
2026-07-27T15:27:52.829Z {"event":"sanitizeMiddleware incoming","method":"POST","path":"/api/payment/verify","bodyType":"object","body":{"pidx":"test_pidx_1785166071340"},"query":{},"params":{}}
2026-07-27T15:27:52.842Z {"event":"sanitizeMiddleware incoming","method":"POST","path":"/api/payment/verify","bodyType":"object","body":{"pidx":"test_pidx_1785166071340"},"query":{},"params":{}}
2026-07-27T15:27:52.848Z {"event":"sanitizeMiddleware incoming","method":"POST","path":"/api/payment/verify","bodyType":"object","body":{"pidx":"test_pidx_1785166071340"},"query":{},"params":{}}
2026-07-27T15:27:52.856Z {"event":"sanitizeMiddleware incoming","method":"POST","path":"/api/payment/verify","bodyType":"object","body":{"pidx":"test_pidx_1785166071340"},"query":{},"params":{}}
2026-07-27T15:27:52.864Z {"event":"sanitizeMiddleware incoming","method":"POST","path":"/api/payment/verify","bodyType":"object","body":{"pidx":"test_pidx_1785166071340"},"query":{},"params":{}}
2026-07-27T15:27:52.870Z {"event":"sanitizeMiddleware incoming","method":"POST","path":"/api/payment/verify","bodyType":"object","body":{"pidx":"test_pidx_1785166071340"},"query":{},"params":{}}
2026-07-27T15:27:52.880Z {"event":"sanitizeMiddleware incoming","method":"POST","path":"/api/payment/verify","bodyType":"object","body":{"pidx":"test_pidx_1785166071340"},"query":{},"params":{}}
2026-07-27T15:27:52.888Z {"event":"sanitizeMiddleware incoming","method":"POST","path":"/api/payment/verify","bodyType":"object","body":{"pidx":"test_pidx_1785166071340"},"query":{},"params":{}}
2026-07-27T15:27:52.894Z {"event":"sanitizeMiddleware incoming","method":"POST","path":"/api/payment/verify","bodyType":"object","body":{"pidx":"test_pidx_1785166071340"},"query":{},"params":{}}
2026-07-27T15:27:52.903Z {"event":"sanitizeMiddleware incoming","method":"POST","path":"/api/payment/verify","bodyType":"object","body":{"pidx":"test_pidx_1785166071340"},"query":{},"params":{}}
2026-07-27T15:27:52.911Z {"event":"sanitizeMiddleware incoming","method":"POST","path":"/api/payment/verify","bodyType":"object","body":{"pidx":"test_pidx_1785166071340"},"query":{},"params":{}}
2026-07-27T15:27:52.917Z {"event":"sanitizeMiddleware incoming","method":"POST","path":"/api/payment/verify","bodyType":"object","body":{"pidx":"test_pidx_1785166071340"},"query":{},"params":{}}
2026-07-27T15:27:52.926Z {"event":"sanitizeMiddleware incoming","method":"POST","path":"/api/payment/verify","bodyType":"object","body":{"pidx":"test_pidx_1785166071340"},"query":{},"params":{}}
2026-07-27T15:27:52.932Z {"event":"sanitizeMiddleware incoming","method":"POST","path":"/api/payment/verify","bodyType":"object","body":{"pidx":"test_pidx_1785166071340"},"query":{},"params":{}}
2026-07-27T15:27:52.941Z {"event":"sanitizeMiddleware incoming","method":"POST","path":"/api/payment/verify","bodyType":"object","body":{"pidx":"test_pidx_1785166071340"},"query":{},"params":{}}
2026-07-27T15:27:52.947Z {"event":"sanitizeMiddleware incoming","method":"POST","path":"/api/payment/verify","bodyType":"object","body":{"pidx":"test_pidx_1785166071340"},"query":{},"params":{}}
2026-07-27T15:27:52.956Z {"event":"sanitizeMiddleware incoming","method":"POST","path":"/api/payment/verify","bodyType":"object","body":{"pidx":"test_pidx_1785166071340"},"query":{},"params":{}}
2026-07-27T15:27:52.963Z {"event":"sanitizeMiddleware incoming","method":"POST","path":"/api/payment/verify","bodyType":"object","body":{"pidx":"test_pidx_1785166071340"},"query":{},"params":{}}
2026-07-27T15:27:52.972Z {"event":"sanitizeMiddleware incoming","method":"POST","path":"/api/payment/verify","bodyType":"object","body":{"pidx":"test_pidx_1785166071340"},"query":{},"params":{}}
2026-07-27T15:27:52.979Z {"event":"sanitizeMiddleware incoming","method":"POST","path":"/api/payment/verify","bodyType":"object","body":{"pidx":"test_pidx_1785166071340"},"query":{},"params":{}}
2026-07-27T15:27:52.989Z {"event":"sanitizeMiddleware incoming","method":"POST","path":"/api/payment/verify","bodyType":"object","body":{"pidx":"test_pidx_1785166071340"},"query":{},"params":{}}
2026-07-27T15:27:52.998Z {"event":"sanitizeMiddleware incoming","method":"POST","path":"/api/payment/verify","bodyType":"object","body":{"pidx":"test_pidx_1785166071340"},"query":{},"params":{}}
2026-07-27T15:27:53.007Z {"event":"sanitizeMiddleware incoming","method":"POST","path":"/api/payment/verify","bodyType":"object","body":{"pidx":"test_pidx_1785166071340"},"query":{},"params":{}}
2026-07-27T15:27:53.014Z {"event":"sanitizeMiddleware incoming","method":"POST","path":"/api/payment/verify","bodyType":"object","body":{"pidx":"test_pidx_1785166071340"},"query":{},"params":{}}
2026-07-27T15:27:53.022Z {"event":"sanitizeMiddleware incoming","method":"POST","path":"/api/payment/verify","bodyType":"object","body":{"pidx":"test_pidx_1785166071340"},"query":{},"params":{}}
2026-07-27T15:27:53.030Z {"event":"sanitizeMiddleware incoming","method":"POST","path":"/api/payment/verify","bodyType":"object","body":{"pidx":"test_pidx_1785166071340"},"query":{},"params":{}}
2026-07-27T15:27:53.036Z {"event":"sanitizeMiddleware incoming","method":"POST","path":"/api/payment/verify","bodyType":"object","body":{"pidx":"test_pidx_1785166071340"},"query":{},"params":{}}
2026-07-27T15:27:53.045Z {"event":"sanitizeMiddleware incoming","method":"POST","path":"/api/payment/verify","bodyType":"object","body":{"pidx":"test_pidx_1785166071340"},"query":{},"params":{}}
2026-07-27T15:27:53.051Z {"event":"sanitizeMiddleware incoming","method":"POST","path":"/api/payment/verify","bodyType":"object","body":{"pidx":"test_pidx_1785166071340"},"query":{},"params":{}}
2026-07-27T15:27:53.059Z {"event":"sanitizeMiddleware incoming","method":"POST","path":"/api/payment/verify","bodyType":"object","body":{"pidx":"test_pidx_1785166071340"},"query":{},"params":{}}
2026-07-27T15:27:53.065Z {"event":"sanitizeMiddleware incoming","method":"POST","path":"/api/payment/verify","bodyType":"object","body":{"pidx":"test_pidx_1785166071340"},"query":{},"params":{}}
2026-07-27T15:27:53.074Z {"event":"sanitizeMiddleware incoming","method":"POST","path":"/api/payment/verify","bodyType":"object","body":{"pidx":"test_pidx_1785166071340"},"query":{},"params":{}}
2026-07-27T15:27:53.082Z {"event":"sanitizeMiddleware incoming","method":"POST","path":"/api/payment/verify","bodyType":"object","body":{"pidx":"test_pidx_1785166071340"},"query":{},"params":{}}
2026-07-27T15:27:53.090Z {"event":"sanitizeMiddleware incoming","method":"POST","path":"/api/payment/verify","bodyType":"object","body":{"pidx":"test_pidx_1785166071340"},"query":{},"params":{}}
2026-07-27T15:27:53.098Z {"event":"sanitizeMiddleware incoming","method":"POST","path":"/api/payment/verify","bodyType":"object","body":{"pidx":"test_pidx_1785166071340"},"query":{},"params":{}}
2026-07-27T15:27:53.104Z {"event":"sanitizeMiddleware incoming","method":"POST","path":"/api/payment/verify","bodyType":"object","body":{"pidx":"test_pidx_1785166071340"},"query":{},"params":{}}
2026-07-27T15:27:53.113Z {"event":"sanitizeMiddleware incoming","method":"POST","path":"/api/payment/verify","bodyType":"object","body":{"pidx":"test_pidx_1785166071340"},"query":{},"params":{}}
2026-07-27T15:27:53.118Z {"event":"sanitizeMiddleware incoming","method":"POST","path":"/api/payment/verify","bodyType":"object","body":{"pidx":"test_pidx_1785166071340"},"query":{},"params":{}}
2026-07-27T15:27:53.127Z {"event":"sanitizeMiddleware incoming","method":"POST","path":"/api/payment/verify","bodyType":"object","body":{"pidx":"test_pidx_1785166071340"},"query":{},"params":{}}
2026-07-27T15:27:53.135Z {"event":"sanitizeMiddleware incoming","method":"POST","path":"/api/payment/verify","bodyType":"object","body":{"pidx":"test_pidx_1785166071340"},"query":{},"params":{}}
2026-07-27T15:27:53.141Z {"event":"sanitizeMiddleware incoming","method":"POST","path":"/api/payment/verify","bodyType":"object","body":{"pidx":"test_pidx_1785166071340"},"query":{},"params":{}}
2026-07-27T15:27:53.150Z {"event":"sanitizeMiddleware incoming","method":"POST","path":"/api/payment/verify","bodyType":"object","body":{"pidx":"test_pidx_1785166071340"},"query":{},"params":{}}
2026-07-27T15:27:53.156Z {"event":"sanitizeMiddleware incoming","method":"POST","path":"/api/payment/verify","bodyType":"object","body":{"pidx":"test_pidx_1785166071340"},"query":{},"params":{}}
2026-07-27T15:27:53.164Z {"event":"sanitizeMiddleware incoming","method":"POST","path":"/api/payment/verify","bodyType":"object","body":{"pidx":"test_pidx_1785166071340"},"query":{},"params":{}}
2026-07-27T15:27:53.171Z {"event":"sanitizeMiddleware incoming","method":"POST","path":"/api/payment/verify","bodyType":"object","body":{"pidx":"test_pidx_1785166071340"},"query":{},"params":{}}
2026-07-27T15:27:53.181Z {"event":"sanitizeMiddleware incoming","method":"POST","path":"/api/payment/verify","bodyType":"object","body":{"pidx":"test_pidx_1785166071340"},"query":{},"params":{}}
2026-07-27T15:27:53.188Z {"event":"sanitizeMiddleware incoming","method":"POST","path":"/api/payment/verify","bodyType":"object","body":{"pidx":"test_pidx_1785166071340"},"query":{},"params":{}}
2026-07-27T15:27:53.194Z {"event":"sanitizeMiddleware incoming","method":"POST","path":"/api/payment/verify","bodyType":"object","body":{"pidx":"test_pidx_1785166071340"},"query":{},"params":{}}
2026-07-27T15:27:53.204Z {"event":"sanitizeMiddleware incoming","method":"POST","path":"/api/payment/verify","bodyType":"object","body":{"pidx":"test_pidx_1785166071340"},"query":{},"params":{}}
2026-07-27T15:27:53.211Z {"event":"sanitizeMiddleware incoming","method":"POST","path":"/api/payment/verify","bodyType":"object","body":{"pidx":"test_pidx_1785166071340"},"query":{},"params":{}}
2026-07-27T15:27:53.220Z {"event":"sanitizeMiddleware incoming","method":"POST","path":"/api/payment/verify","bodyType":"object","body":{"pidx":"test_pidx_1785166071340"},"query":{},"params":{}}
2026-07-27T15:27:53.228Z {"event":"sanitizeMiddleware incoming","method":"POST","path":"/api/payment/verify","bodyType":"object","body":{"pidx":"test_pidx_1785166071340"},"query":{},"params":{}}
2026-07-27T15:27:53.237Z {"event":"sanitizeMiddleware incoming","method":"POST","path":"/api/payment/verify","bodyType":"object","body":{"pidx":"test_pidx_1785166071340"},"query":{},"params":{}}
2026-07-27T15:27:53.243Z {"event":"sanitizeMiddleware incoming","method":"POST","path":"/api/payment/verify","bodyType":"object","body":{"pidx":"test_pidx_1785166071340"},"query":{},"params":{}}
2026-07-27T15:27:53.252Z {"event":"sanitizeMiddleware incoming","method":"POST","path":"/api/payment/verify","bodyType":"object","body":{"pidx":"test_pidx_1785166071340"},"query":{},"params":{}}
2026-07-27T15:27:53.258Z {"event":"sanitizeMiddleware incoming","method":"POST","path":"/api/payment/verify","bodyType":"object","body":{"pidx":"test_pidx_1785166071340"},"query":{},"params":{}}
2026-07-27T15:27:53.268Z {"event":"sanitizeMiddleware incoming","method":"POST","path":"/api/payment/verify","bodyType":"object","body":{"pidx":"test_pidx_1785166071340"},"query":{},"params":{}}
2026-07-27T15:27:53.275Z {"event":"sanitizeMiddleware incoming","method":"POST","path":"/api/payment/verify","bodyType":"object","body":{"pidx":"test_pidx_1785166071340"},"query":{},"params":{}}
2026-07-27T15:27:53.284Z {"event":"sanitizeMiddleware incoming","method":"POST","path":"/api/payment/verify","bodyType":"object","body":{"pidx":"test_pidx_1785166071340"},"query":{},"params":{}}
2026-07-27T15:27:53.292Z {"event":"sanitizeMiddleware incoming","method":"POST","path":"/api/payment/verify","bodyType":"object","body":{"pidx":"test_pidx_1785166071340"},"query":{},"params":{}}
2026-07-27T15:27:53.300Z {"event":"sanitizeMiddleware incoming","method":"POST","path":"/api/payment/verify","bodyType":"object","body":{"pidx":"test_pidx_1785166071340"},"query":{},"params":{}}
2026-07-27T15:27:53.307Z {"event":"sanitizeMiddleware incoming","method":"POST","path":"/api/payment/verify","bodyType":"object","body":{"pidx":"test_pidx_1785166071340"},"query":{},"params":{}}
2026-07-27T15:27:53.316Z {"event":"sanitizeMiddleware incoming","method":"POST","path":"/api/payment/verify","bodyType":"object","body":{"pidx":"test_pidx_1785166071340"},"query":{},"params":{}}
2026-07-27T15:27:53.323Z {"event":"sanitizeMiddleware incoming","method":"POST","path":"/api/payment/verify","bodyType":"object","body":{"pidx":"test_pidx_1785166071340"},"query":{},"params":{}}
2026-07-27T15:27:53.332Z {"event":"sanitizeMiddleware incoming","method":"POST","path":"/api/payment/verify","bodyType":"object","body":{"pidx":"test_pidx_1785166071340"},"query":{},"params":{}}
2026-07-27T15:27:53.340Z {"event":"sanitizeMiddleware incoming","method":"POST","path":"/api/payment/verify","bodyType":"object","body":{"pidx":"test_pidx_1785166071340"},"query":{},"params":{}}
2026-07-27T15:27:53.348Z {"event":"sanitizeMiddleware incoming","method":"POST","path":"/api/payment/verify","bodyType":"object","body":{"pidx":"test_pidx_1785166071340"},"query":{},"params":{}}
2026-07-27T15:27:53.354Z {"event":"sanitizeMiddleware incoming","method":"POST","path":"/api/payment/verify","bodyType":"object","body":{"pidx":"test_pidx_1785166071340"},"query":{},"params":{}}
2026-07-27T15:27:53.363Z {"event":"sanitizeMiddleware incoming","method":"POST","path":"/api/payment/verify","bodyType":"object","body":{"pidx":"test_pidx_1785166071340"},"query":{},"params":{}}
2026-07-27T15:27:53.371Z {"event":"sanitizeMiddleware incoming","method":"POST","path":"/api/payment/verify","bodyType":"object","body":{"pidx":"test_pidx_1785166071340"},"query":{},"params":{}}
2026-07-27T15:27:53.380Z {"event":"sanitizeMiddleware incoming","method":"POST","path":"/api/payment/verify","bodyType":"object","body":{"pidx":"test_pidx_1785166071340"},"query":{},"params":{}}
2026-07-27T15:27:53.388Z {"event":"sanitizeMiddleware incoming","method":"POST","path":"/api/payment/verify","bodyType":"object","body":{"pidx":"test_pidx_1785166071340"},"query":{},"params":{}}
2026-07-27T15:27:53.398Z {"event":"sanitizeMiddleware incoming","method":"POST","path":"/api/payment/verify","bodyType":"object","body":{"pidx":"test_pidx_1785166071340"},"query":{},"params":{}}
2026-07-27T15:27:53.404Z {"event":"sanitizeMiddleware incoming","method":"POST","path":"/api/payment/verify","bodyType":"object","body":{"pidx":"test_pidx_1785166071340"},"query":{},"params":{}}
2026-07-27T15:27:53.413Z {"event":"sanitizeMiddleware incoming","method":"POST","path":"/api/payment/verify","bodyType":"object","body":{"pidx":"test_pidx_1785166071340"},"query":{},"params":{}}
2026-07-27T15:27:53.420Z {"event":"sanitizeMiddleware incoming","method":"POST","path":"/api/payment/verify","bodyType":"object","body":{"pidx":"test_pidx_1785166071340"},"query":{},"params":{}}
2026-07-27T15:27:53.429Z {"event":"sanitizeMiddleware incoming","method":"POST","path":"/api/payment/verify","bodyType":"object","body":{"pidx":"test_pidx_1785166071340"},"query":{},"params":{}}
2026-07-27T15:27:53.435Z {"event":"sanitizeMiddleware incoming","method":"POST","path":"/api/payment/verify","bodyType":"object","body":{"pidx":"test_pidx_1785166071340"},"query":{},"params":{}}
2026-07-27T15:27:53.444Z {"event":"sanitizeMiddleware incoming","method":"POST","path":"/api/payment/verify","bodyType":"object","body":{"pidx":"test_pidx_1785166071340"},"query":{},"params":{}}
2026-07-27T15:27:53.450Z {"event":"sanitizeMiddleware incoming","method":"POST","path":"/api/payment/verify","bodyType":"object","body":{"pidx":"test_pidx_1785166071340"},"query":{},"params":{}}
2026-07-27T15:27:53.459Z {"event":"sanitizeMiddleware incoming","method":"POST","path":"/api/payment/verify","bodyType":"object","body":{"pidx":"test_pidx_1785166071340"},"query":{},"params":{}}
2026-07-27T15:27:53.465Z {"event":"sanitizeMiddleware incoming","method":"POST","path":"/api/payment/verify","bodyType":"object","body":{"pidx":"test_pidx_1785166071340"},"query":{},"params":{}}
2026-07-27T15:27:53.474Z {"event":"sanitizeMiddleware incoming","method":"POST","path":"/api/payment/verify","bodyType":"object","body":{"pidx":"test_pidx_1785166071340"},"query":{},"params":{}}
2026-07-27T15:27:53.484Z {"event":"sanitizeMiddleware incoming","method":"POST","path":"/api/payment/verify","bodyType":"object","body":{"pidx":"test_pidx_1785166071340"},"query":{},"params":{}}
2026-07-27T15:27:53.489Z {"event":"sanitizeMiddleware incoming","method":"POST","path":"/api/payment/verify","bodyType":"object","body":{"pidx":"test_pidx_1785166071340"},"query":{},"params":{}}
2026-07-27T15:27:53.499Z {"event":"sanitizeMiddleware incoming","method":"POST","path":"/api/payment/verify","bodyType":"object","body":{"pidx":"test_pidx_1785166071340"},"query":{},"params":{}}
2026-07-27T15:27:53.506Z {"event":"sanitizeMiddleware incoming","method":"POST","path":"/api/payment/verify","bodyType":"object","body":{"pidx":"test_pidx_1785166071340"},"query":{},"params":{}}
2026-07-27T15:27:53.515Z {"event":"sanitizeMiddleware incoming","method":"POST","path":"/api/payment/verify","bodyType":"object","body":{"pidx":"test_pidx_1785166071340"},"query":{},"params":{}}
2026-07-27T15:27:53.522Z {"event":"sanitizeMiddleware incoming","method":"POST","path":"/api/payment/verify","bodyType":"object","body":{"pidx":"test_pidx_1785166071340"},"query":{},"params":{}}
2026-07-27T15:27:53.529Z {"event":"sanitizeMiddleware incoming","method":"POST","path":"/api/payment/verify","bodyType":"object","body":{"pidx":"test_pidx_1785166071340"},"query":{},"params":{}}
2026-07-27T15:27:53.538Z {"event":"sanitizeMiddleware incoming","method":"POST","path":"/api/payment/verify","bodyType":"object","body":{"pidx":"test_pidx_1785166071340"},"query":{},"params":{}}
2026-07-27T15:27:53.544Z {"event":"sanitizeMiddleware incoming","method":"POST","path":"/api/payment/verify","bodyType":"object","body":{"pidx":"test_pidx_1785166071340"},"query":{},"params":{}}
2026-07-27T15:27:53.552Z {"event":"sanitizeMiddleware incoming","method":"POST","path":"/api/payment/verify","bodyType":"object","body":{"pidx":"test_pidx_1785166071340"},"query":{},"params":{}}
2026-07-27T15:27:53.559Z {"event":"sanitizeMiddleware incoming","method":"POST","path":"/api/payment/verify","bodyType":"object","body":{"pidx":"test_pidx_1785166071340"},"query":{},"params":{}}
2026-07-27T15:27:53.566Z {"event":"sanitizeMiddleware incoming","method":"POST","path":"/api/payment/verify","bodyType":"object","body":{"pidx":"test_pidx_1785166071340"},"query":{},"params":{}}
2026-07-27T15:27:53.574Z {"event":"sanitizeMiddleware incoming","method":"POST","path":"/api/payment/verify","bodyType":"object","body":{"pidx":"test_pidx_1785166071340"},"query":{},"params":{}}
2026-07-27T15:27:53.581Z {"event":"sanitizeMiddleware incoming","method":"POST","path":"/api/payment/verify","bodyType":"object","body":{"pidx":"test_pidx_1785166071340"},"query":{},"params":{}}
2026-07-27T15:27:53.589Z {"event":"sanitizeMiddleware incoming","method":"POST","path":"/api/payment/verify","bodyType":"object","body":{"pidx":"test_pidx_1785166071340"},"query":{},"params":{}}
2026-07-27T15:27:53.596Z {"event":"sanitizeMiddleware incoming","method":"POST","path":"/api/payment/verify","bodyType":"object","body":{"pidx":"test_pidx_1785166071340"},"query":{},"params":{}}
2026-07-27T15:27:53.605Z {"event":"sanitizeMiddleware incoming","method":"POST","path":"/api/payment/verify","bodyType":"object","body":{"pidx":"test_pidx_1785166071340"},"query":{},"params":{}}
2026-07-27T15:27:53.611Z {"event":"sanitizeMiddleware incoming","method":"POST","path":"/api/payment/verify","bodyType":"object","body":{"pidx":"test_pidx_1785166071340"},"query":{},"params":{}}
2026-07-27T15:27:53.619Z {"event":"sanitizeMiddleware incoming","method":"POST","path":"/api/payment/verify","bodyType":"object","body":{"pidx":"test_pidx_1785166071340"},"query":{},"params":{}}
2026-07-27T15:27:53.627Z {"event":"sanitizeMiddleware incoming","method":"POST","path":"/api/payment/verify","bodyType":"object","body":{"pidx":"test_pidx_1785166071340"},"query":{},"params":{}}
2026-07-27T15:27:53.633Z {"event":"sanitizeMiddleware incoming","method":"POST","path":"/api/payment/verify","bodyType":"object","body":{"pidx":"test_pidx_1785166071340"},"query":{},"params":{}}
2026-07-27T15:27:53.642Z {"event":"sanitizeMiddleware incoming","method":"POST","path":"/api/payment/verify","bodyType":"object","body":{"pidx":"test_pidx_1785166071340"},"query":{},"params":{}}
2026-07-27T15:27:53.649Z {"event":"sanitizeMiddleware incoming","method":"POST","path":"/api/payment/verify","bodyType":"object","body":{"pidx":"test_pidx_1785166071340"},"query":{},"params":{}}
2026-07-27T15:27:53.657Z {"event":"sanitizeMiddleware incoming","method":"POST","path":"/api/payment/verify","bodyType":"object","body":{"pidx":"test_pidx_1785166071340"},"query":{},"params":{}}
2026-07-27T15:27:53.665Z {"event":"sanitizeMiddleware incoming","method":"POST","path":"/api/payment/verify","bodyType":"object","body":{"pidx":"test_pidx_1785166071340"},"query":{},"params":{}}
2026-07-27T15:27:53.672Z {"event":"sanitizeMiddleware incoming","method":"POST","path":"/api/payment/verify","bodyType":"object","body":{"pidx":"test_pidx_1785166071340"},"query":{},"params":{}}
2026-07-27T15:27:53.680Z {"event":"sanitizeMiddleware incoming","method":"POST","path":"/api/payment/verify","bodyType":"object","body":{"pidx":"test_pidx_1785166071340"},"query":{},"params":{}}
2026-07-27T15:27:53.687Z {"event":"sanitizeMiddleware incoming","method":"POST","path":"/api/payment/verify","bodyType":"object","body":{"pidx":"test_pidx_1785166071340"},"query":{},"params":{}}
2026-07-27T15:27:53.694Z {"event":"sanitizeMiddleware incoming","method":"POST","path":"/api/payment/verify","bodyType":"object","body":{"pidx":"test_pidx_1785166071340"},"query":{},"params":{}}
2026-07-27T15:27:53.701Z {"event":"sanitizeMiddleware incoming","method":"POST","path":"/api/payment/verify","bodyType":"object","body":{"pidx":"test_pidx_1785166071340"},"query":{},"params":{}}
2026-07-27T15:27:53.709Z {"event":"sanitizeMiddleware incoming","method":"POST","path":"/api/payment/verify","bodyType":"object","body":{"pidx":"test_pidx_1785166071340"},"query":{},"params":{}}
2026-07-27T15:27:53.715Z {"event":"sanitizeMiddleware incoming","method":"POST","path":"/api/payment/verify","bodyType":"object","body":{"pidx":"test_pidx_1785166071340"},"query":{},"params":{}}
2026-07-27T15:27:53.723Z {"event":"sanitizeMiddleware incoming","method":"POST","path":"/api/payment/verify","bodyType":"object","body":{"pidx":"test_pidx_1785166071340"},"query":{},"params":{}}
2026-07-27T15:27:53.729Z {"event":"sanitizeMiddleware incoming","method":"POST","path":"/api/payment/verify","bodyType":"object","body":{"pidx":"test_pidx_1785166071340"},"query":{},"params":{}}
2026-07-27T15:27:53.737Z {"event":"sanitizeMiddleware incoming","method":"POST","path":"/api/payment/verify","bodyType":"object","body":{"pidx":"test_pidx_1785166071340"},"query":{},"params":{}}
2026-07-27T15:27:53.743Z {"event":"sanitizeMiddleware incoming","method":"POST","path":"/api/payment/verify","bodyType":"object","body":{"pidx":"test_pidx_1785166071340"},"query":{},"params":{}}
2026-07-27T15:27:53.751Z {"event":"sanitizeMiddleware incoming","method":"POST","path":"/api/payment/verify","bodyType":"object","body":{"pidx":"test_pidx_1785166071340"},"query":{},"params":{}}
2026-07-27T15:27:53.759Z {"event":"sanitizeMiddleware incoming","method":"POST","path":"/api/payment/verify","bodyType":"object","body":{"pidx":"test_pidx_1785166071340"},"query":{},"params":{}}
2026-07-27T15:27:53.765Z {"event":"sanitizeMiddleware incoming","method":"POST","path":"/api/payment/verify","bodyType":"object","body":{"pidx":"test_pidx_1785166071340"},"query":{},"params":{}}
2026-07-27T15:27:53.773Z {"event":"sanitizeMiddleware incoming","method":"POST","path":"/api/payment/verify","bodyType":"object","body":{"pidx":"test_pidx_1785166071340"},"query":{},"params":{}}
2026-07-27T15:27:53.779Z {"event":"sanitizeMiddleware incoming","method":"POST","path":"/api/payment/verify","bodyType":"object","body":{"pidx":"test_pidx_1785166071340"},"query":{},"params":{}}
2026-07-27T15:27:53.787Z {"event":"sanitizeMiddleware incoming","method":"POST","path":"/api/payment/verify","bodyType":"object","body":{"pidx":"test_pidx_1785166071340"},"query":{},"params":{}}
2026-07-27T15:27:53.795Z {"event":"sanitizeMiddleware incoming","method":"POST","path":"/api/payment/verify","bodyType":"object","body":{"pidx":"test_pidx_1785166071340"},"query":{},"params":{}}
2026-07-27T15:27:53.804Z {"event":"sanitizeMiddleware incoming","method":"POST","path":"/api/payment/verify","bodyType":"object","body":{"pidx":"test_pidx_1785166071340"},"query":{},"params":{}}
2026-07-27T15:27:53.812Z {"event":"sanitizeMiddleware incoming","method":"POST","path":"/api/payment/verify","bodyType":"object","body":{"pidx":"test_pidx_1785166071340"},"query":{},"params":{}}
2026-07-27T15:27:53.821Z {"event":"sanitizeMiddleware incoming","method":"POST","path":"/api/payment/verify","bodyType":"object","body":{"pidx":"test_pidx_1785166071340"},"query":{},"params":{}}
2026-07-27T15:27:53.831Z {"event":"sanitizeMiddleware incoming","method":"POST","path":"/api/payment/verify","bodyType":"object","body":{"pidx":"test_pidx_1785166071340"},"query":{},"params":{}}
2026-07-27T15:27:53.840Z {"event":"sanitizeMiddleware incoming","method":"POST","path":"/api/payment/verify","bodyType":"object","body":{"pidx":"test_pidx_1785166071340"},"query":{},"params":{}}
2026-07-27T15:27:53.855Z {"event":"sanitizeMiddleware incoming","method":"POST","path":"/api/payment/verify","bodyType":"object","body":{"pidx":"test_pidx_1785166071340"},"query":{},"params":{}}
2026-07-27T15:27:53.862Z {"event":"sanitizeMiddleware incoming","method":"POST","path":"/api/payment/verify","bodyType":"object","body":{"pidx":"test_pidx_1785166071340"},"query":{},"params":{}}
2026-07-27T15:27:53.882Z {"event":"sanitizeMiddleware incoming","method":"POST","path":"/api/payment/verify","bodyType":"object","body":{"pidx":"test_pidx_1785166071340"},"query":{},"params":{}}
2026-07-27T15:27:53.895Z {"event":"sanitizeMiddleware incoming","method":"POST","path":"/api/payment/verify","bodyType":"object","body":{"pidx":"test_pidx_1785166071340"},"query":{},"params":{}}
2026-07-27T15:27:53.902Z {"event":"sanitizeMiddleware incoming","method":"POST","path":"/api/payment/verify","bodyType":"object","body":{"pidx":"test_pidx_1785166071340"},"query":{},"params":{}}
2026-07-27T15:27:53.912Z {"event":"sanitizeMiddleware incoming","method":"POST","path":"/api/payment/verify","bodyType":"object","body":{"pidx":"test_pidx_1785166071340"},"query":{},"params":{}}
2026-07-27T15:27:53.918Z {"event":"sanitizeMiddleware incoming","method":"POST","path":"/api/payment/verify","bodyType":"object","body":{"pidx":"test_pidx_1785166071340"},"query":{},"params":{}}
2026-07-27T15:27:53.930Z {"event":"sanitizeMiddleware incoming","method":"POST","path":"/api/payment/verify","bodyType":"object","body":{"pidx":"test_pidx_1785166071340"},"query":{},"params":{}}
2026-07-27T15:27:53.937Z {"event":"sanitizeMiddleware incoming","method":"POST","path":"/api/payment/verify","bodyType":"object","body":{"pidx":"test_pidx_1785166071340"},"query":{},"params":{}}
2026-07-27T15:27:53.950Z {"event":"sanitizeMiddleware incoming","method":"POST","path":"/api/payment/verify","bodyType":"object","body":{"pidx":"test_pidx_1785166071340"},"query":{},"params":{}}
2026-07-27T15:27:53.975Z {"event":"sanitizeMiddleware incoming","method":"POST","path":"/api/payment/verify","bodyType":"object","body":{"pidx":"test_pidx_1785166071340"},"query":{},"params":{}}
2026-07-27T15:27:53.991Z {"event":"sanitizeMiddleware incoming","method":"POST","path":"/api/payment/verify","bodyType":"object","body":{"pidx":"test_pidx_1785166071340"},"query":{},"params":{}}
2026-07-27T15:27:54.009Z {"event":"sanitizeMiddleware incoming","method":"POST","path":"/api/payment/verify","bodyType":"object","body":{"pidx":"test_pidx_1785166071340"},"query":{},"params":{}}
2026-07-27T15:27:54.021Z {"event":"sanitizeMiddleware incoming","method":"POST","path":"/api/payment/verify","bodyType":"object","body":{"pidx":"test_pidx_1785166071340"},"query":{},"params":{}}
2026-07-27T15:27:54.033Z {"event":"sanitizeMiddleware incoming","method":"POST","path":"/api/payment/verify","bodyType":"object","body":{"pidx":"test_pidx_1785166071340"},"query":{},"params":{}}
2026-07-27T15:27:54.044Z {"event":"sanitizeMiddleware incoming","method":"POST","path":"/api/payment/verify","bodyType":"object","body":{"pidx":"test_pidx_1785166071340"},"query":{},"params":{}}
2026-07-27T15:27:54.057Z {"event":"sanitizeMiddleware incoming","method":"POST","path":"/api/payment/verify","bodyType":"object","body":{"pidx":"test_pidx_1785166071340"},"query":{},"params":{}}
2026-07-27T15:27:54.072Z {"event":"sanitizeMiddleware incoming","method":"POST","path":"/api/payment/verify","bodyType":"object","body":{"pidx":"test_pidx_1785166071340"},"query":{},"params":{}}
2026-07-27T15:27:54.090Z {"event":"sanitizeMiddleware incoming","method":"POST","path":"/api/payment/verify","bodyType":"object","body":{"pidx":"test_pidx_1785166071340"},"query":{},"params":{}}
2026-07-27T15:27:54.105Z {"event":"sanitizeMiddleware incoming","method":"POST","path":"/api/payment/verify","bodyType":"object","body":{"pidx":"test_pidx_1785166071340"},"query":{},"params":{}}
2026-07-27T15:27:54.118Z {"event":"sanitizeMiddleware incoming","method":"POST","path":"/api/payment/verify","bodyType":"object","body":{"pidx":"test_pidx_1785166071340"},"query":{},"params":{}}
2026-07-27T15:27:54.135Z {"event":"sanitizeMiddleware incoming","method":"POST","path":"/api/payment/verify","bodyType":"object","body":{"pidx":"test_pidx_1785166071340"},"query":{},"params":{}}
2026-07-27T15:27:54.149Z {"event":"sanitizeMiddleware incoming","method":"POST","path":"/api/payment/verify","bodyType":"object","body":{"pidx":"test_pidx_1785166071340"},"query":{},"params":{}}
2026-07-27T15:27:54.163Z {"event":"sanitizeMiddleware incoming","method":"POST","path":"/api/payment/verify","bodyType":"object","body":{"pidx":"test_pidx_1785166071340"},"query":{},"params":{}}
2026-07-27T15:27:54.176Z {"event":"sanitizeMiddleware incoming","method":"POST","path":"/api/payment/verify","bodyType":"object","body":{"pidx":"test_pidx_1785166071340"},"query":{},"params":{}}
2026-07-27T15:27:54.189Z {"event":"sanitizeMiddleware incoming","method":"POST","path":"/api/payment/verify","bodyType":"object","body":{"pidx":"test_pidx_1785166071340"},"query":{},"params":{}}
2026-07-27T15:27:54.201Z {"event":"sanitizeMiddleware incoming","method":"POST","path":"/api/payment/verify","bodyType":"object","body":{"pidx":"test_pidx_1785166071340"},"query":{},"params":{}}
2026-07-27T15:27:54.214Z {"event":"sanitizeMiddleware incoming","method":"POST","path":"/api/payment/verify","bodyType":"object","body":{"pidx":"test_pidx_1785166071340"},"query":{},"params":{}}
2026-07-27T15:27:54.228Z {"event":"sanitizeMiddleware incoming","method":"POST","path":"/api/payment/verify","bodyType":"object","body":{"pidx":"test_pidx_1785166071340"},"query":{},"params":{}}
2026-07-27T15:27:54.245Z {"event":"sanitizeMiddleware incoming","method":"POST","path":"/api/payment/verify","bodyType":"object","body":{"pidx":"test_pidx_1785166071340"},"query":{},"params":{}}
2026-07-27T15:27:54.257Z {"event":"sanitizeMiddleware incoming","method":"POST","path":"/api/payment/verify","bodyType":"object","body":{"pidx":"test_pidx_1785166071340"},"query":{},"params":{}}
2026-07-27T15:27:54.270Z {"event":"sanitizeMiddleware incoming","method":"POST","path":"/api/payment/verify","bodyType":"object","body":{"pidx":"test_pidx_1785166071340"},"query":{},"params":{}}
2026-07-27T15:27:54.285Z {"event":"sanitizeMiddleware incoming","method":"POST","path":"/api/payment/verify","bodyType":"object","body":{"pidx":"test_pidx_1785166071340"},"query":{},"params":{}}
2026-07-27T15:27:54.299Z {"event":"sanitizeMiddleware incoming","method":"POST","path":"/api/payment/verify","bodyType":"object","body":{"pidx":"test_pidx_1785166071340"},"query":{},"params":{}}
2026-07-27T15:27:54.312Z {"event":"sanitizeMiddleware incoming","method":"POST","path":"/api/payment/verify","bodyType":"object","body":{"pidx":"test_pidx_1785166071340"},"query":{},"params":{}}
2026-07-27T15:27:54.323Z {"event":"sanitizeMiddleware incoming","method":"POST","path":"/api/payment/verify","bodyType":"object","body":{"pidx":"test_pidx_1785166071340"},"query":{},"params":{}}
2026-07-27T15:27:54.335Z {"event":"sanitizeMiddleware incoming","method":"POST","path":"/api/payment/verify","bodyType":"object","body":{"pidx":"test_pidx_1785166071340"},"query":{},"params":{}}
2026-07-27T15:27:54.347Z {"event":"sanitizeMiddleware incoming","method":"POST","path":"/api/payment/verify","bodyType":"object","body":{"pidx":"test_pidx_1785166071340"},"query":{},"params":{}}
2026-07-27T15:27:54.360Z {"event":"sanitizeMiddleware incoming","method":"POST","path":"/api/payment/verify","bodyType":"object","body":{"pidx":"test_pidx_1785166071340"},"query":{},"params":{}}
2026-07-27T15:27:54.372Z {"event":"sanitizeMiddleware incoming","method":"POST","path":"/api/payment/verify","bodyType":"object","body":{"pidx":"test_pidx_1785166071340"},"query":{},"params":{}}
2026-07-27T15:27:54.387Z {"event":"sanitizeMiddleware incoming","method":"POST","path":"/api/payment/verify","bodyType":"object","body":{"pidx":"test_pidx_1785166071340"},"query":{},"params":{}}
2026-07-27T15:27:54.399Z {"event":"sanitizeMiddleware incoming","method":"POST","path":"/api/payment/verify","bodyType":"object","body":{"pidx":"test_pidx_1785166071340"},"query":{},"params":{}}
2026-07-27T15:27:54.420Z {"event":"sanitizeMiddleware incoming","method":"POST","path":"/api/payment/verify","bodyType":"object","body":{"pidx":"test_pidx_1785166071340"},"query":{},"params":{}}
2026-07-27T15:27:54.432Z {"event":"sanitizeMiddleware incoming","method":"POST","path":"/api/payment/verify","bodyType":"object","body":{"pidx":"test_pidx_1785166071340"},"query":{},"params":{}}
2026-07-27T15:27:54.445Z {"event":"sanitizeMiddleware incoming","method":"POST","path":"/api/payment/verify","bodyType":"object","body":{"pidx":"test_pidx_1785166071340"},"query":{},"params":{}}
2026-07-27T15:27:54.457Z {"event":"sanitizeMiddleware incoming","method":"POST","path":"/api/payment/verify","bodyType":"object","body":{"pidx":"test_pidx_1785166071340"},"query":{},"params":{}}
2026-07-27T15:27:54.469Z {"event":"sanitizeMiddleware incoming","method":"POST","path":"/api/payment/verify","bodyType":"object","body":{"pidx":"test_pidx_1785166071340"},"query":{},"params":{}}
2026-07-27T15:27:54.482Z {"event":"sanitizeMiddleware incoming","method":"POST","path":"/api/payment/verify","bodyType":"object","body":{"pidx":"test_pidx_1785166071340"},"query":{},"params":{}}
2026-07-27T15:27:54.493Z {"event":"sanitizeMiddleware incoming","method":"POST","path":"/api/payment/verify","bodyType":"object","body":{"pidx":"test_pidx_1785166071340"},"query":{},"params":{}}
2026-07-27T15:27:54.506Z {"event":"sanitizeMiddleware incoming","method":"POST","path":"/api/payment/verify","bodyType":"object","body":{"pidx":"test_pidx_1785166071340"},"query":{},"params":{}}
2026-07-27T15:27:54.521Z {"event":"sanitizeMiddleware incoming","method":"POST","path":"/api/payment/verify","bodyType":"object","body":{"pidx":"test_pidx_1785166071340"},"query":{},"params":{}}
2026-07-27T15:27:54.535Z {"event":"sanitizeMiddleware incoming","method":"POST","path":"/api/payment/verify","bodyType":"object","body":{"pidx":"test_pidx_1785166071340"},"query":{},"params":{}}
2026-07-27T15:27:54.552Z {"event":"sanitizeMiddleware incoming","method":"POST","path":"/api/payment/verify","bodyType":"object","body":{"pidx":"test_pidx_1785166071340"},"query":{},"params":{}}
2026-07-27T15:27:54.565Z {"event":"sanitizeMiddleware incoming","method":"POST","path":"/api/payment/verify","bodyType":"object","body":{"pidx":"test_pidx_1785166071340"},"query":{},"params":{}}
2026-07-27T15:27:54.580Z {"event":"sanitizeMiddleware incoming","method":"POST","path":"/api/payment/verify","bodyType":"object","body":{"pidx":"test_pidx_1785166071340"},"query":{},"params":{}}
2026-07-27T15:27:54.592Z {"event":"sanitizeMiddleware incoming","method":"POST","path":"/api/payment/verify","bodyType":"object","body":{"pidx":"test_pidx_1785166071340"},"query":{},"params":{}}
2026-07-27T15:27:54.605Z {"event":"sanitizeMiddleware incoming","method":"POST","path":"/api/payment/verify","bodyType":"object","body":{"pidx":"test_pidx_1785166071340"},"query":{},"params":{}}
2026-07-27T15:27:54.619Z {"event":"sanitizeMiddleware incoming","method":"POST","path":"/api/payment/verify","bodyType":"object","body":{"pidx":"test_pidx_1785166071340"},"query":{},"params":{}}
2026-07-27T15:27:54.631Z {"event":"sanitizeMiddleware incoming","method":"POST","path":"/api/payment/verify","bodyType":"object","body":{"pidx":"test_pidx_1785166071340"},"query":{},"params":{}}
2026-07-27T15:27:54.644Z {"event":"sanitizeMiddleware incoming","method":"POST","path":"/api/payment/verify","bodyType":"object","body":{"pidx":"test_pidx_1785166071340"},"query":{},"params":{}}
2026-07-27T15:27:54.657Z {"event":"sanitizeMiddleware incoming","method":"POST","path":"/api/payment/verify","bodyType":"object","body":{"pidx":"test_pidx_1785166071340"},"query":{},"params":{}}
2026-07-27T15:27:54.671Z {"event":"sanitizeMiddleware incoming","method":"POST","path":"/api/payment/verify","bodyType":"object","body":{"pidx":"test_pidx_1785166071340"},"query":{},"params":{}}
2026-07-27T15:27:54.689Z {"event":"sanitizeMiddleware incoming","method":"POST","path":"/api/payment/verify","bodyType":"object","body":{"pidx":"test_pidx_1785166071340"},"query":{},"params":{}}
2026-07-27T15:27:54.702Z {"event":"sanitizeMiddleware incoming","method":"POST","path":"/api/payment/verify","bodyType":"object","body":{"pidx":"test_pidx_1785166071340"},"query":{},"params":{}}
2026-07-27T15:27:54.714Z {"event":"sanitizeMiddleware incoming","method":"POST","path":"/api/payment/verify","bodyType":"object","body":{"pidx":"test_pidx_1785166071340"},"query":{},"params":{}}
2026-07-27T15:27:54.725Z {"event":"sanitizeMiddleware incoming","method":"POST","path":"/api/payment/verify","bodyType":"object","body":{"pidx":"test_pidx_1785166071340"},"query":{},"params":{}}
2026-07-27T15:27:54.738Z {"event":"sanitizeMiddleware incoming","method":"POST","path":"/api/payment/verify","bodyType":"object","body":{"pidx":"test_pidx_1785166071340"},"query":{},"params":{}}
2026-07-27T15:27:54.750Z {"event":"sanitizeMiddleware incoming","method":"POST","path":"/api/payment/verify","bodyType":"object","body":{"pidx":"test_pidx_1785166071340"},"query":{},"params":{}}
2026-07-27T15:27:54.764Z {"event":"sanitizeMiddleware incoming","method":"POST","path":"/api/payment/verify","bodyType":"object","body":{"pidx":"test_pidx_1785166071340"},"query":{},"params":{}}
2026-07-27T15:27:54.775Z {"event":"sanitizeMiddleware incoming","method":"POST","path":"/api/payment/verify","bodyType":"object","body":{"pidx":"test_pidx_1785166071340"},"query":{},"params":{}}
2026-07-27T15:27:54.787Z {"event":"sanitizeMiddleware incoming","method":"POST","path":"/api/payment/verify","bodyType":"object","body":{"pidx":"test_pidx_1785166071340"},"query":{},"params":{}}
2026-07-27T15:27:54.799Z {"event":"sanitizeMiddleware incoming","method":"POST","path":"/api/payment/verify","bodyType":"object","body":{"pidx":"test_pidx_1785166071340"},"query":{},"params":{}}
2026-07-27T15:27:54.811Z {"event":"sanitizeMiddleware incoming","method":"POST","path":"/api/payment/verify","bodyType":"object","body":{"pidx":"test_pidx_1785166071340"},"query":{},"params":{}}
2026-07-27T15:27:54.823Z {"event":"sanitizeMiddleware incoming","method":"POST","path":"/api/payment/verify","bodyType":"object","body":{"pidx":"test_pidx_1785166071340"},"query":{},"params":{}}
2026-07-27T15:27:54.836Z {"event":"sanitizeMiddleware incoming","method":"POST","path":"/api/payment/verify","bodyType":"object","body":{"pidx":"test_pidx_1785166071340"},"query":{},"params":{}}
2026-07-27T15:27:54.850Z {"event":"sanitizeMiddleware incoming","method":"POST","path":"/api/payment/verify","bodyType":"object","body":{"pidx":"test_pidx_1785166071340"},"query":{},"params":{}}
2026-07-27T15:27:54.864Z {"event":"sanitizeMiddleware incoming","method":"POST","path":"/api/payment/verify","bodyType":"object","body":{"pidx":"test_pidx_1785166071340"},"query":{},"params":{}}
2026-07-27T15:27:54.877Z {"event":"sanitizeMiddleware incoming","method":"POST","path":"/api/payment/verify","bodyType":"object","body":{"pidx":"test_pidx_1785166071340"},"query":{},"params":{}}
2026-07-27T15:27:54.893Z {"event":"sanitizeMiddleware incoming","method":"POST","path":"/api/payment/verify","bodyType":"object","body":{"pidx":"test_pidx_1785166071340"},"query":{},"params":{}}
2026-07-27T15:27:54.916Z {"event":"sanitizeMiddleware incoming","method":"POST","path":"/api/payment/verify","bodyType":"object","body":{"pidx":"test_pidx_1785166071340"},"query":{},"params":{}}
2026-07-27T15:27:54.930Z {"event":"sanitizeMiddleware incoming","method":"POST","path":"/api/payment/verify","bodyType":"object","body":{"pidx":"test_pidx_1785166071340"},"query":{},"params":{}}
2026-07-27T15:27:54.943Z {"event":"sanitizeMiddleware incoming","method":"POST","path":"/api/payment/verify","bodyType":"object","body":{"pidx":"test_pidx_1785166071340"},"query":{},"params":{}}
2026-07-27T15:27:54.956Z {"event":"sanitizeMiddleware incoming","method":"POST","path":"/api/payment/verify","bodyType":"object","body":{"pidx":"test_pidx_1785166071340"},"query":{},"params":{}}
2026-07-27T15:27:54.972Z {"event":"sanitizeMiddleware incoming","method":"POST","path":"/api/payment/verify","bodyType":"object","body":{"pidx":"test_pidx_1785166071340"},"query":{},"params":{}}
2026-07-27T15:27:54.990Z {"event":"sanitizeMiddleware incoming","method":"POST","path":"/api/payment/verify","bodyType":"object","body":{"pidx":"test_pidx_1785166071340"},"query":{},"params":{}}
2026-07-27T15:27:55.023Z {"event":"sanitizeMiddleware incoming","method":"POST","path":"/api/payment/verify","bodyType":"object","body":{"pidx":"test_pidx_1785166071340"},"query":{},"params":{}}
2026-07-27T15:27:55.034Z {"event":"sanitizeMiddleware incoming","method":"POST","path":"/api/payment/verify","bodyType":"object","body":{"pidx":"test_pidx_1785166071340"},"query":{},"params":{}}
2026-07-27T15:27:55.048Z {"event":"sanitizeMiddleware incoming","method":"POST","path":"/api/payment/verify","bodyType":"object","body":{"pidx":"test_pidx_1785166071340"},"query":{},"params":{}}
2026-07-27T15:27:55.060Z {"event":"sanitizeMiddleware incoming","method":"POST","path":"/api/payment/verify","bodyType":"object","body":{"pidx":"test_pidx_1785166071340"},"query":{},"params":{}}
2026-07-27T15:27:55.073Z {"event":"sanitizeMiddleware incoming","method":"POST","path":"/api/payment/verify","bodyType":"object","body":{"pidx":"test_pidx_1785166071340"},"query":{},"params":{}}
2026-07-27T15:27:55.087Z {"event":"sanitizeMiddleware incoming","method":"POST","path":"/api/payment/verify","bodyType":"object","body":{"pidx":"test_pidx_1785166071340"},"query":{},"params":{}}
2026-07-27T15:27:55.100Z {"event":"sanitizeMiddleware incoming","method":"POST","path":"/api/payment/verify","bodyType":"object","body":{"pidx":"test_pidx_1785166071340"},"query":{},"params":{}}
2026-07-27T15:27:55.112Z {"event":"sanitizeMiddleware incoming","method":"POST","path":"/api/payment/verify","bodyType":"object","body":{"pidx":"test_pidx_1785166071340"},"query":{},"params":{}}
2026-07-27T15:27:55.124Z {"event":"sanitizeMiddleware incoming","method":"POST","path":"/api/payment/verify","bodyType":"object","body":{"pidx":"test_pidx_1785166071340"},"query":{},"params":{}}
2026-07-27T15:27:55.138Z {"event":"sanitizeMiddleware incoming","method":"POST","path":"/api/payment/verify","bodyType":"object","body":{"pidx":"test_pidx_1785166071340"},"query":{},"params":{}}
2026-07-27T15:27:55.151Z {"event":"sanitizeMiddleware incoming","method":"POST","path":"/api/payment/verify","bodyType":"object","body":{"pidx":"test_pidx_1785166071340"},"query":{},"params":{}}
2026-07-27T15:27:55.165Z {"event":"sanitizeMiddleware incoming","method":"POST","path":"/api/payment/verify","bodyType":"object","body":{"pidx":"test_pidx_1785166071340"},"query":{},"params":{}}
2026-07-27T15:27:55.179Z {"event":"sanitizeMiddleware incoming","method":"POST","path":"/api/payment/verify","bodyType":"object","body":{"pidx":"test_pidx_1785166071340"},"query":{},"params":{}}
2026-07-27T15:27:55.193Z {"event":"sanitizeMiddleware incoming","method":"POST","path":"/api/payment/verify","bodyType":"object","body":{"pidx":"test_pidx_1785166071340"},"query":{},"params":{}}
2026-07-27T15:27:55.206Z {"event":"sanitizeMiddleware incoming","method":"POST","path":"/api/payment/verify","bodyType":"object","body":{"pidx":"test_pidx_1785166071340"},"query":{},"params":{}}
2026-07-27T15:27:55.218Z {"event":"sanitizeMiddleware incoming","method":"POST","path":"/api/payment/verify","bodyType":"object","body":{"pidx":"test_pidx_1785166071340"},"query":{},"params":{}}
2026-07-27T15:27:55.232Z {"event":"sanitizeMiddleware incoming","method":"POST","path":"/api/payment/verify","bodyType":"object","body":{"pidx":"test_pidx_1785166071340"},"query":{},"params":{}}
2026-07-27T15:27:55.248Z {"event":"sanitizeMiddleware incoming","method":"POST","path":"/api/payment/verify","bodyType":"object","body":{"pidx":"test_pidx_1785166071340"},"query":{},"params":{}}
2026-07-27T15:27:55.264Z {"event":"sanitizeMiddleware incoming","method":"POST","path":"/api/payment/verify","bodyType":"object","body":{"pidx":"test_pidx_1785166071340"},"query":{},"params":{}}
2026-07-27T15:27:55.279Z {"event":"sanitizeMiddleware incoming","method":"POST","path":"/api/payment/verify","bodyType":"object","body":{"pidx":"test_pidx_1785166071340"},"query":{},"params":{}}
2026-07-27T15:27:55.294Z {"event":"sanitizeMiddleware incoming","method":"POST","path":"/api/payment/verify","bodyType":"object","body":{"pidx":"test_pidx_1785166071340"},"query":{},"params":{}}
2026-07-27T15:27:55.307Z {"event":"sanitizeMiddleware incoming","method":"POST","path":"/api/payment/verify","bodyType":"object","body":{"pidx":"test_pidx_1785166071340"},"query":{},"params":{}}
2026-07-27T15:27:55.320Z {"event":"sanitizeMiddleware incoming","method":"POST","path":"/api/payment/verify","bodyType":"object","body":{"pidx":"test_pidx_1785166071340"},"query":{},"params":{}}
2026-07-27T15:27:55.333Z {"event":"sanitizeMiddleware incoming","method":"POST","path":"/api/payment/verify","bodyType":"object","body":{"pidx":"test_pidx_1785166071340"},"query":{},"params":{}}
2026-07-27T15:27:55.346Z {"event":"sanitizeMiddleware incoming","method":"POST","path":"/api/payment/verify","bodyType":"object","body":{"pidx":"test_pidx_1785166071340"},"query":{},"params":{}}
2026-07-27T15:27:55.358Z {"event":"sanitizeMiddleware incoming","method":"POST","path":"/api/payment/verify","bodyType":"object","body":{"pidx":"test_pidx_1785166071340"},"query":{},"params":{}}
2026-07-27T15:27:55.371Z {"event":"sanitizeMiddleware incoming","method":"POST","path":"/api/payment/verify","bodyType":"object","body":{"pidx":"test_pidx_1785166071340"},"query":{},"params":{}}
2026-07-27T15:27:55.384Z {"event":"sanitizeMiddleware incoming","method":"POST","path":"/api/payment/verify","bodyType":"object","body":{"pidx":"test_pidx_1785166071340"},"query":{},"params":{}}
2026-07-27T15:27:55.396Z {"event":"sanitizeMiddleware incoming","method":"POST","path":"/api/payment/verify","bodyType":"object","body":{"pidx":"test_pidx_1785166071340"},"query":{},"params":{}}
2026-07-27T15:27:55.409Z {"event":"sanitizeMiddleware incoming","method":"POST","path":"/api/payment/verify","bodyType":"object","body":{"pidx":"test_pidx_1785166071340"},"query":{},"params":{}}
2026-07-27T15:27:55.421Z {"event":"sanitizeMiddleware incoming","method":"POST","path":"/api/payment/verify","bodyType":"object","body":{"pidx":"test_pidx_1785166071340"},"query":{},"params":{}}
2026-07-27T15:27:55.433Z {"event":"sanitizeMiddleware incoming","method":"POST","path":"/api/payment/verify","bodyType":"object","body":{"pidx":"test_pidx_1785166071340"},"query":{},"params":{}}
2026-07-27T15:27:55.446Z {"event":"sanitizeMiddleware incoming","method":"POST","path":"/api/payment/verify","bodyType":"object","body":{"pidx":"test_pidx_1785166071340"},"query":{},"params":{}}
2026-07-27T15:27:55.460Z {"event":"sanitizeMiddleware incoming","method":"POST","path":"/api/payment/verify","bodyType":"object","body":{"pidx":"test_pidx_1785166071340"},"query":{},"params":{}}
2026-07-27T15:27:55.472Z {"event":"sanitizeMiddleware incoming","method":"POST","path":"/api/payment/verify","bodyType":"object","body":{"pidx":"test_pidx_1785166071340"},"query":{},"params":{}}
2026-07-27T15:27:55.487Z {"event":"sanitizeMiddleware incoming","method":"POST","path":"/api/payment/verify","bodyType":"object","body":{"pidx":"test_pidx_1785166071340"},"query":{},"params":{}}
2026-07-27T15:27:55.501Z {"event":"sanitizeMiddleware incoming","method":"POST","path":"/api/payment/verify","bodyType":"object","body":{"pidx":"test_pidx_1785166071340"},"query":{},"params":{}}
2026-07-27T15:27:55.514Z {"event":"sanitizeMiddleware incoming","method":"POST","path":"/api/payment/verify","bodyType":"object","body":{"pidx":"test_pidx_1785166071340"},"query":{},"params":{}}
2026-07-27T15:27:55.529Z {"event":"sanitizeMiddleware incoming","method":"POST","path":"/api/payment/verify","bodyType":"object","body":{"pidx":"test_pidx_1785166071340"},"query":{},"params":{}}
2026-07-27T15:27:55.541Z {"event":"sanitizeMiddleware incoming","method":"POST","path":"/api/payment/verify","bodyType":"object","body":{"pidx":"test_pidx_1785166071340"},"query":{},"params":{}}
2026-07-27T15:27:55.553Z {"event":"sanitizeMiddleware incoming","method":"POST","path":"/api/payment/verify","bodyType":"object","body":{"pidx":"test_pidx_1785166071340"},"query":{},"params":{}}
2026-07-27T15:27:55.566Z {"event":"sanitizeMiddleware incoming","method":"POST","path":"/api/payment/verify","bodyType":"object","body":{"pidx":"test_pidx_1785166071340"},"query":{},"params":{}}
2026-07-27T15:27:55.579Z {"event":"sanitizeMiddleware incoming","method":"POST","path":"/api/payment/verify","bodyType":"object","body":{"pidx":"test_pidx_1785166071340"},"query":{},"params":{}}
2026-07-27T15:27:55.593Z {"event":"sanitizeMiddleware incoming","method":"POST","path":"/api/payment/verify","bodyType":"object","body":{"pidx":"test_pidx_1785166071340"},"query":{},"params":{}}
2026-07-27T15:27:55.606Z {"event":"sanitizeMiddleware incoming","method":"POST","path":"/api/payment/verify","bodyType":"object","body":{"pidx":"test_pidx_1785166071340"},"query":{},"params":{}}
2026-07-27T15:27:55.620Z {"event":"sanitizeMiddleware incoming","method":"POST","path":"/api/payment/verify","bodyType":"object","body":{"pidx":"test_pidx_1785166071340"},"query":{},"params":{}}
2026-07-27T15:27:55.636Z {"event":"sanitizeMiddleware incoming","method":"POST","path":"/api/payment/verify","bodyType":"object","body":{"pidx":"test_pidx_1785166071340"},"query":{},"params":{}}
2026-07-27T15:27:55.650Z {"event":"sanitizeMiddleware incoming","method":"POST","path":"/api/payment/verify","bodyType":"object","body":{"pidx":"test_pidx_1785166071340"},"query":{},"params":{}}
2026-07-27T15:27:55.664Z {"event":"sanitizeMiddleware incoming","method":"POST","path":"/api/payment/verify","bodyType":"object","body":{"pidx":"test_pidx_1785166071340"},"query":{},"params":{}}
2026-07-27T15:27:55.678Z {"event":"sanitizeMiddleware incoming","method":"POST","path":"/api/payment/verify","bodyType":"object","body":{"pidx":"test_pidx_1785166071340"},"query":{},"params":{}}
2026-07-27T15:27:55.692Z {"event":"sanitizeMiddleware incoming","method":"POST","path":"/api/payment/verify","bodyType":"object","body":{"pidx":"test_pidx_1785166071340"},"query":{},"params":{}}
2026-07-27T15:27:55.707Z {"event":"sanitizeMiddleware incoming","method":"POST","path":"/api/payment/verify","bodyType":"object","body":{"pidx":"test_pidx_1785166071340"},"query":{},"params":{}}
2026-07-27T15:27:55.718Z {"event":"sanitizeMiddleware incoming","method":"POST","path":"/api/payment/verify","bodyType":"object","body":{"pidx":"test_pidx_1785166071340"},"query":{},"params":{}}
2026-07-27T15:27:55.732Z {"event":"sanitizeMiddleware incoming","method":"POST","path":"/api/payment/verify","bodyType":"object","body":{"pidx":"test_pidx_1785166071340"},"query":{},"params":{}}
2026-07-27T15:27:55.782Z {"event":"sanitizeMiddleware incoming","method":"POST","path":"/api/payment/verify","bodyType":"object","body":{"pidx":"test_pidx_1785166071340"},"query":{},"params":{}}
2026-07-27T15:27:55.844Z {"event":"sanitizeMiddleware incoming","method":"GET","path":"/api/cart","bodyType":"undefined","query":{},"params":{}}
2026-07-27T15:27:55.848Z {"event":"sanitizeMiddleware incoming","method":"GET","path":"/api/products","bodyType":"undefined","query":{},"params":{}}
2026-07-27T15:27:55.852Z {"event":"sanitizeMiddleware incoming","method":"GET","path":"/api/products","bodyType":"undefined","query":{},"params":{}}
2026-07-27T15:27:55.856Z {"event":"sanitizeMiddleware incoming","method":"GET","path":"/api/products","bodyType":"undefined","query":{},"params":{}}
2026-07-27T15:27:55.860Z {"event":"sanitizeMiddleware incoming","method":"GET","path":"/api/products","bodyType":"undefined","query":{},"params":{}}
2026-07-27T15:27:55.865Z {"event":"sanitizeMiddleware incoming","method":"GET","path":"/api/cart","bodyType":"undefined","query":{},"params":{}}
2026-07-27T15:27:55.875Z {"event":"sanitizeMiddleware incoming","method":"GET","path":"/uploads/1784993168656-7t24kf.jpg","bodyType":"undefined","query":{},"params":{}}
2026-07-27T15:27:55.895Z {"event":"sanitizeMiddleware incoming","method":"GET","path":"/uploads/1785090892750-zubs1w.png","bodyType":"undefined","query":{},"params":{}}
2026-07-27T15:27:55.896Z {"event":"sanitizeMiddleware incoming","method":"GET","path":"/uploads/1785083371202-imifol.jpg","bodyType":"undefined","query":{},"params":{}}
2026-07-27T15:27:55.897Z {"event":"sanitizeMiddleware incoming","method":"GET","path":"/uploads/1784993140796-w2585g.jpg","bodyType":"undefined","query":{},"params":{}}
2026-07-27T15:27:55.897Z {"event":"sanitizeMiddleware incoming","method":"GET","path":"/uploads/1784993110100-h2h1ud.jpg","bodyType":"undefined","query":{},"params":{}}
2026-07-27T15:27:55.898Z {"event":"sanitizeMiddleware incoming","method":"GET","path":"/uploads/1784993085622-40ny9z.jpg","bodyType":"undefined","query":{},"params":{}}
2026-07-27T15:28:22.917Z {"event":"sanitizeMiddleware incoming","method":"GET","path":"/api/admin/users","bodyType":"undefined","query":{},"params":{}}
2026-07-27T15:29:22.593Z {"event":"sanitizeMiddleware incoming","method":"GET","path":"/api/admin/users","bodyType":"undefined","query":{},"params":{}}
2026-07-27T15:30:29.915Z {"event":"sanitizeMiddleware incoming","method":"GET","path":"/api/admin/users","bodyType":"undefined","query":{},"params":{}}
2026-07-27T15:31:31.171Z {"event":"sanitizeMiddleware incoming","method":"GET","path":"/api/admin/users","bodyType":"undefined","query":{},"params":{}}
2026-07-27T15:32:30.940Z {"event":"sanitizeMiddleware incoming","method":"GET","path":"/api/admin/users","bodyType":"undefined","query":{},"params":{}}
2026-07-27T15:33:35.765Z {"event":"sanitizeMiddleware incoming","method":"GET","path":"/api/admin/users","bodyType":"undefined","query":{},"params":{}}
2026-07-27T15:35:08.452Z {"event":"sanitizeMiddleware incoming","method":"GET","path":"/api/admin/users","bodyType":"undefined","query":{},"params":{}}
2026-07-27T15:36:21.260Z {"event":"sanitizeMiddleware incoming","method":"GET","path":"/api/admin/users","bodyType":"undefined","query":{},"params":{}}
2026-07-27T15:37:20.744Z {"event":"sanitizeMiddleware incoming","method":"GET","path":"/api/admin/users","bodyType":"undefined","query":{},"params":{}}
2026-07-27T15:38:28.944Z {"event":"sanitizeMiddleware incoming","method":"GET","path":"/api/admin/users","bodyType":"undefined","query":{},"params":{}}
2026-07-27T15:39:33.745Z {"event":"sanitizeMiddleware incoming","method":"GET","path":"/api/admin/users","bodyType":"undefined","query":{},"params":{}}
2026-07-27T15:40:59.967Z {"event":"sanitizeMiddleware incoming","method":"GET","path":"/api/admin/users","bodyType":"undefined","query":{},"params":{}}
2026-07-27T15:42:23.703Z {"event":"sanitizeMiddleware incoming","method":"GET","path":"/api/admin/users","bodyType":"undefined","query":{},"params":{}}
2026-07-27T15:43:45.199Z {"event":"sanitizeMiddleware incoming","method":"GET","path":"/api/admin/users","bodyType":"undefined","query":{},"params":{}}
2026-07-27T15:45:10.961Z {"event":"sanitizeMiddleware incoming","method":"GET","path":"/api/admin/users","bodyType":"undefined","query":{},"params":{}}
2026-07-27T15:46:34.743Z {"event":"sanitizeMiddleware incoming","method":"GET","path":"/api/admin/users","bodyType":"undefined","query":{},"params":{}}
2026-07-27T15:48:01.683Z {"event":"sanitizeMiddleware incoming","method":"GET","path":"/api/admin/users","bodyType":"undefined","query":{},"params":{}}
2026-07-27T15:49:18.912Z {"event":"sanitizeMiddleware incoming","method":"GET","path":"/api/admin/users","bodyType":"undefined","query":{},"params":{}}
2026-07-27T15:50:43.197Z {"event":"sanitizeMiddleware incoming","method":"GET","path":"/api/admin/users","bodyType":"undefined","query":{},"params":{}}
2026-07-27T15:52:05.871Z {"event":"sanitizeMiddleware incoming","method":"GET","path":"/api/admin/users","bodyType":"undefined","query":{},"params":{}}
2026-07-27T15:52:58.719Z {"event":"sanitizeMiddleware incoming","method":"GET","path":"/api/admin/users","bodyType":"undefined","query":{},"params":{}}
2026-07-28T05:46:55.939Z {"event":"sanitizeMiddleware incoming","method":"POST","path":"/api/auth/login","bodyType":"object","body":{"email":"t@gmail.com","password":"Z@gmail.1234"},"query":{},"params":{}}
2026-07-28T05:46:56.706Z {"event":"sanitizeMiddleware incoming","method":"GET","path":"/api/products","bodyType":"undefined","query":{},"params":{}}
2026-07-28T05:46:56.710Z {"event":"sanitizeMiddleware incoming","method":"GET","path":"/api/products","bodyType":"undefined","query":{},"params":{}}
2026-07-28T05:46:56.712Z {"event":"sanitizeMiddleware incoming","method":"GET","path":"/api/products","bodyType":"undefined","query":{},"params":{}}
2026-07-28T05:46:56.714Z {"event":"sanitizeMiddleware incoming","method":"GET","path":"/api/cart","bodyType":"undefined","query":{},"params":{}}
2026-07-28T05:46:56.717Z {"event":"sanitizeMiddleware incoming","method":"GET","path":"/api/products","bodyType":"undefined","query":{},"params":{}}
2026-07-28T05:46:56.746Z {"event":"sanitizeMiddleware incoming","method":"GET","path":"/uploads/1785083371202-imifol.jpg","bodyType":"undefined","query":{},"params":{}}
2026-07-28T05:46:56.748Z {"event":"sanitizeMiddleware incoming","method":"GET","path":"/uploads/1785090892750-zubs1w.png","bodyType":"undefined","query":{},"params":{}}
2026-07-28T05:46:56.749Z {"event":"sanitizeMiddleware incoming","method":"GET","path":"/uploads/1784993168656-7t24kf.jpg","bodyType":"undefined","query":{},"params":{}}
2026-07-28T05:46:56.750Z {"event":"sanitizeMiddleware incoming","method":"GET","path":"/uploads/1784993140796-w2585g.jpg","bodyType":"undefined","query":{},"params":{}}
2026-07-28T05:46:56.778Z {"event":"sanitizeMiddleware incoming","method":"GET","path":"/uploads/1784993110100-h2h1ud.jpg","bodyType":"undefined","query":{},"params":{}}
2026-07-28T05:46:56.779Z {"event":"sanitizeMiddleware incoming","method":"GET","path":"/uploads/1784993085622-40ny9z.jpg","bodyType":"undefined","query":{},"params":{}}
2026-07-28T05:46:56.804Z {"event":"sanitizeMiddleware incoming","method":"GET","path":"/api/cart","bodyType":"undefined","query":{},"params":{}}
2026-07-28T05:47:06.033Z {"event":"sanitizeMiddleware incoming","method":"GET","path":"/api/cart","bodyType":"undefined","query":{},"params":{}}
2026-07-28T05:47:06.047Z {"event":"sanitizeMiddleware incoming","method":"GET","path":"/api/cart","bodyType":"undefined","query":{},"params":{}}
2026-07-28T05:47:06.059Z {"event":"sanitizeMiddleware incoming","method":"GET","path":"/api/cart","bodyType":"undefined","query":{},"params":{}}
2026-07-28T05:47:06.069Z {"event":"sanitizeMiddleware incoming","method":"GET","path":"/api/cart","bodyType":"undefined","query":{},"params":{}}
2026-07-28T05:47:07.329Z {"event":"sanitizeMiddleware incoming","method":"GET","path":"/api/cart","bodyType":"undefined","query":{},"params":{}}
2026-07-28T05:47:07.332Z {"event":"sanitizeMiddleware incoming","method":"GET","path":"/api/products","bodyType":"undefined","query":{},"params":{}}
2026-07-28T05:47:07.335Z {"event":"sanitizeMiddleware incoming","method":"GET","path":"/api/products","bodyType":"undefined","query":{},"params":{}}
2026-07-28T05:47:07.336Z {"event":"sanitizeMiddleware incoming","method":"GET","path":"/api/products","bodyType":"undefined","query":{},"params":{}}
2026-07-28T05:47:07.337Z {"event":"sanitizeMiddleware incoming","method":"GET","path":"/api/products","bodyType":"undefined","query":{},"params":{}}
2026-07-28T05:47:07.349Z {"event":"sanitizeMiddleware incoming","method":"GET","path":"/api/cart","bodyType":"undefined","query":{},"params":{}}
2026-07-28T05:47:07.353Z {"event":"sanitizeMiddleware incoming","method":"GET","path":"/uploads/1784993168656-7t24kf.jpg","bodyType":"undefined","query":{},"params":{}}
2026-07-28T05:47:07.370Z {"event":"sanitizeMiddleware incoming","method":"GET","path":"/uploads/1785090892750-zubs1w.png","bodyType":"undefined","query":{},"params":{}}
2026-07-28T05:47:07.371Z {"event":"sanitizeMiddleware incoming","method":"GET","path":"/uploads/1785083371202-imifol.jpg","bodyType":"undefined","query":{},"params":{}}
2026-07-28T05:47:07.371Z {"event":"sanitizeMiddleware incoming","method":"GET","path":"/uploads/1784993140796-w2585g.jpg","bodyType":"undefined","query":{},"params":{}}
2026-07-28T05:47:07.372Z {"event":"sanitizeMiddleware incoming","method":"GET","path":"/uploads/1784993110100-h2h1ud.jpg","bodyType":"undefined","query":{},"params":{}}
2026-07-28T05:47:07.373Z {"event":"sanitizeMiddleware incoming","method":"GET","path":"/uploads/1784993085622-40ny9z.jpg","bodyType":"undefined","query":{},"params":{}}
2026-07-28T05:47:14.815Z {"event":"sanitizeMiddleware incoming","method":"POST","path":"/api/auth/logout","bodyType":"undefined","query":{},"params":{}}
2026-07-28T05:47:38.897Z {"event":"sanitizeMiddleware incoming","method":"POST","path":"/api/auth/login","bodyType":"object","body":{"email":"admin@local.com","password":"12345678"},"query":{},"params":{}}
2026-07-28T05:47:39.192Z {"event":"sanitizeMiddleware incoming","method":"GET","path":"/api/admin/users","bodyType":"undefined","query":{},"params":{}}
2026-07-28T05:47:40.918Z {"event":"sanitizeMiddleware incoming","method":"GET","path":"/api/activity","bodyType":"undefined","query":{},"params":{}}
2026-07-28T05:47:40.947Z {"event":"sanitizeMiddleware incoming","method":"GET","path":"/api/activity","bodyType":"undefined","query":{},"params":{}}
2026-07-28T05:47:48.000Z {"event":"sanitizeMiddleware incoming","method":"GET","path":"/api/admin/users","bodyType":"undefined","query":{},"params":{}}
2026-07-28T05:47:56.182Z {"event":"sanitizeMiddleware incoming","method":"DELETE","path":"/api/admin/users/6a64d3eb6fe7058a557f0714","bodyType":"undefined","query":{},"params":{}}
2026-07-28T05:47:57.265Z {"event":"sanitizeMiddleware incoming","method":"GET","path":"/api/admin/users","bodyType":"undefined","query":{},"params":{}}
2026-07-28T05:47:58.908Z {"event":"sanitizeMiddleware incoming","method":"DELETE","path":"/api/admin/users/6a64dfc2c47b9c22c58a5e0e","bodyType":"undefined","query":{},"params":{}}
2026-07-28T05:47:59.939Z {"event":"sanitizeMiddleware incoming","method":"GET","path":"/api/admin/users","bodyType":"undefined","query":{},"params":{}}
2026-07-28T05:48:01.498Z {"event":"sanitizeMiddleware incoming","method":"DELETE","path":"/api/admin/users/6a663673604f0fc08110d8be","bodyType":"undefined","query":{},"params":{}}
2026-07-28T05:48:02.461Z {"event":"sanitizeMiddleware incoming","method":"GET","path":"/api/admin/users","bodyType":"undefined","query":{},"params":{}}
2026-07-28T05:48:04.371Z {"event":"sanitizeMiddleware incoming","method":"DELETE","path":"/api/admin/users/6a6643e81885bf39b75a09dc","bodyType":"undefined","query":{},"params":{}}
2026-07-28T05:48:05.077Z {"event":"sanitizeMiddleware incoming","method":"GET","path":"/api/admin/users","bodyType":"undefined","query":{},"params":{}}
2026-07-28T05:48:06.380Z {"event":"sanitizeMiddleware incoming","method":"DELETE","path":"/api/admin/users/6a6643061885bf39b75a09d9","bodyType":"undefined","query":{},"params":{}}
2026-07-28T05:48:07.052Z {"event":"sanitizeMiddleware incoming","method":"GET","path":"/api/admin/users","bodyType":"undefined","query":{},"params":{}}
2026-07-28T05:48:08.771Z {"event":"sanitizeMiddleware incoming","method":"DELETE","path":"/api/admin/users/6a665588bccb9bb9ceff1700","bodyType":"undefined","query":{},"params":{}}
2026-07-28T05:48:09.476Z {"event":"sanitizeMiddleware incoming","method":"GET","path":"/api/admin/users","bodyType":"undefined","query":{},"params":{}}
2026-07-28T05:48:11.007Z {"event":"sanitizeMiddleware incoming","method":"DELETE","path":"/api/admin/users/6a6655e5bccb9bb9ceff1704","bodyType":"undefined","query":{},"params":{}}
2026-07-28T05:48:11.780Z {"event":"sanitizeMiddleware incoming","method":"GET","path":"/api/admin/users","bodyType":"undefined","query":{},"params":{}}
2026-07-28T05:48:14.242Z {"event":"sanitizeMiddleware incoming","method":"DELETE","path":"/api/admin/users/6a66613c832cf77fefadcf60","bodyType":"undefined","query":{},"params":{}}
2026-07-28T05:48:14.847Z {"event":"sanitizeMiddleware incoming","method":"GET","path":"/api/admin/users","bodyType":"undefined","query":{},"params":{}}
2026-07-28T05:48:16.626Z {"event":"sanitizeMiddleware incoming","method":"DELETE","path":"/api/admin/users/6a677877a24cd3bd6d02f35c","bodyType":"undefined","query":{},"params":{}}
2026-07-28T05:48:17.151Z {"event":"sanitizeMiddleware incoming","method":"GET","path":"/api/admin/users","bodyType":"undefined","query":{},"params":{}}
2026-07-28T05:48:18.372Z {"event":"sanitizeMiddleware incoming","method":"DELETE","path":"/api/admin/users/6a66614a832cf77fefadcf6b","bodyType":"undefined","query":{},"params":{}}
2026-07-28T05:48:18.924Z {"event":"sanitizeMiddleware incoming","method":"GET","path":"/api/admin/users","bodyType":"undefined","query":{},"params":{}}
2026-07-28T05:48:20.274Z {"event":"sanitizeMiddleware incoming","method":"DELETE","path":"/api/admin/users/6a6777ff7178022bc782985f","bodyType":"undefined","query":{},"params":{}}
2026-07-28T05:48:20.933Z {"event":"sanitizeMiddleware incoming","method":"GET","path":"/api/admin/users","bodyType":"undefined","query":{},"params":{}}
2026-07-28T05:48:22.340Z {"event":"sanitizeMiddleware incoming","method":"DELETE","path":"/api/admin/users/6a665d30438310e66dce864f","bodyType":"undefined","query":{},"params":{}}
2026-07-28T05:48:22.890Z {"event":"sanitizeMiddleware incoming","method":"GET","path":"/api/admin/users","bodyType":"undefined","query":{},"params":{}}
2026-07-28T05:49:06.405Z {"event":"sanitizeMiddleware incoming","method":"POST","path":"/api/auth/register","bodyType":"object","body":{"name":"Aashish Shrestha","email":"aashishshresth123@gmail.com","password":"A@gmail.1234","confirmPassword":"A@gmail.1234"},"query":{},"params":{}}
2026-07-28T05:49:23.601Z {"event":"sanitizeMiddleware incoming","method":"POST","path":"/api/auth/login","bodyType":"object","body":{"email":"aashishshresth123@gmail.com","password":"A@gmail.1234"},"query":{},"params":{}}
2026-07-28T05:49:24.179Z {"event":"sanitizeMiddleware incoming","method":"GET","path":"/api/products","bodyType":"undefined","query":{},"params":{}}
2026-07-28T05:49:24.181Z {"event":"sanitizeMiddleware incoming","method":"GET","path":"/api/products","bodyType":"undefined","query":{},"params":{}}
2026-07-28T05:49:24.185Z {"event":"sanitizeMiddleware incoming","method":"GET","path":"/api/products","bodyType":"undefined","query":{},"params":{}}
2026-07-28T05:49:24.187Z {"event":"sanitizeMiddleware incoming","method":"GET","path":"/api/products","bodyType":"undefined","query":{},"params":{}}
2026-07-28T05:49:24.194Z {"event":"sanitizeMiddleware incoming","method":"GET","path":"/api/cart","bodyType":"undefined","query":{},"params":{}}
2026-07-28T05:49:24.207Z {"event":"sanitizeMiddleware incoming","method":"GET","path":"/uploads/1784993168656-7t24kf.jpg","bodyType":"undefined","query":{},"params":{}}
2026-07-28T05:49:24.208Z {"event":"sanitizeMiddleware incoming","method":"GET","path":"/api/cart","bodyType":"undefined","query":{},"params":{}}
2026-07-28T05:49:24.219Z {"event":"sanitizeMiddleware incoming","method":"GET","path":"/uploads/1785090892750-zubs1w.png","bodyType":"undefined","query":{},"params":{}}
2026-07-28T05:49:24.220Z {"event":"sanitizeMiddleware incoming","method":"GET","path":"/uploads/1785083371202-imifol.jpg","bodyType":"undefined","query":{},"params":{}}
2026-07-28T05:49:24.221Z {"event":"sanitizeMiddleware incoming","method":"GET","path":"/uploads/1784993140796-w2585g.jpg","bodyType":"undefined","query":{},"params":{}}
2026-07-28T05:49:24.234Z {"event":"sanitizeMiddleware incoming","method":"GET","path":"/uploads/1784993110100-h2h1ud.jpg","bodyType":"undefined","query":{},"params":{}}
2026-07-28T05:49:24.235Z {"event":"sanitizeMiddleware incoming","method":"GET","path":"/uploads/1784993085622-40ny9z.jpg","bodyType":"undefined","query":{},"params":{}}
2026-07-28T05:49:29.972Z {"event":"sanitizeMiddleware incoming","method":"POST","path":"/api/auth/logout","bodyType":"undefined","query":{},"params":{}}
2026-07-28T05:49:50.826Z {"event":"sanitizeMiddleware incoming","method":"POST","path":"/api/auth/login","bodyType":"object","body":{"email":"aashishshresth123@gmail.com","password":"A@gmail.123"},"query":{},"params":{}}
2026-07-28T05:49:51.281Z {"event":"sanitizeMiddleware incoming","method":"POST","path":"/api/auth/refresh","bodyType":"undefined","query":{},"params":{}}
2026-07-28T05:49:51.687Z {"event":"sanitizeMiddleware incoming","method":"POST","path":"/api/auth/login","bodyType":"object","body":{"email":"aashishshresth123@gmail.com","password":"A@gmail.123"},"query":{},"params":{}}
2026-07-28T05:49:52.152Z {"event":"sanitizeMiddleware incoming","method":"POST","path":"/api/auth/refresh","bodyType":"undefined","query":{},"params":{}}
2026-07-28T05:49:52.421Z {"event":"sanitizeMiddleware incoming","method":"POST","path":"/api/auth/login","bodyType":"object","body":{"email":"aashishshresth123@gmail.com","password":"A@gmail.123"},"query":{},"params":{}}
2026-07-28T05:49:52.877Z {"event":"sanitizeMiddleware incoming","method":"POST","path":"/api/auth/refresh","bodyType":"undefined","query":{},"params":{}}
2026-07-28T05:49:53.208Z {"event":"sanitizeMiddleware incoming","method":"POST","path":"/api/auth/login","bodyType":"object","body":{"email":"aashishshresth123@gmail.com","password":"A@gmail.123"},"query":{},"params":{}}
2026-07-28T05:49:54.153Z {"event":"sanitizeMiddleware incoming","method":"POST","path":"/api/auth/login","bodyType":"object","body":{"email":"aashishshresth123@gmail.com","password":"A@gmail.123"},"query":{},"params":{}}
2026-07-28T05:49:54.585Z {"event":"sanitizeMiddleware incoming","method":"POST","path":"/api/auth/login","bodyType":"object","body":{"email":"aashishshresth123@gmail.com","password":"A@gmail.123"},"query":{},"params":{}}
2026-07-28T05:49:54.890Z {"event":"sanitizeMiddleware incoming","method":"POST","path":"/api/auth/login","bodyType":"object","body":{"email":"aashishshresth123@gmail.com","password":"A@gmail.123"},"query":{},"params":{}}
2026-07-28T05:49:55.107Z {"event":"sanitizeMiddleware incoming","method":"POST","path":"/api/auth/login","bodyType":"object","body":{"email":"aashishshresth123@gmail.com","password":"A@gmail.123"},"query":{},"params":{}}
2026-07-28T05:49:56.039Z {"event":"sanitizeMiddleware incoming","method":"POST","path":"/api/auth/login","bodyType":"object","body":{"email":"aashishshresth123@gmail.com","password":"A@gmail.1234"},"query":{},"params":{}}
2026-07-28T05:50:02.333Z {"event":"sanitizeMiddleware incoming","method":"POST","path":"/api/auth/login","bodyType":"object","body":{"email":"aashishshresth123@gmail.com","password":"A@gmail.1234"},"query":{},"params":{}}
2026-07-28T05:50:05.334Z {"event":"sanitizeMiddleware incoming","method":"POST","path":"/api/auth/login","bodyType":"object","body":{"email":"aashishshresth123@gmail.com","password":"A@gmail.1234"},"query":{},"params":{}}
2026-07-28T05:50:09.766Z {"event":"sanitizeMiddleware incoming","method":"POST","path":"/api/auth/login","bodyType":"object","body":{"email":"aashishshresth123@gmail.com","password":"A@gmail.1234"},"query":{},"params":{}}
2026-07-28T05:50:29.061Z {"event":"sanitizeMiddleware incoming","method":"POST","path":"/api/auth/login","bodyType":"object","body":{"email":"aashishshresth123@gmail.com","password":"A@gmail.1234"},"query":{},"params":{}}
2026-07-28T05:50:39.936Z {"event":"sanitizeMiddleware incoming","method":"POST","path":"/api/auth/login","bodyType":"object","body":{"email":"admin@local.com","password":"12345678"},"query":{},"params":{}}
2026-07-28T05:50:58.245Z {"event":"sanitizeMiddleware incoming","method":"POST","path":"/api/auth/login","bodyType":"object","body":{"email":"admin@local.com","password":"12345678"},"query":{},"params":{}}
2026-07-28T05:53:07.876Z {"event":"sanitizeMiddleware incoming","method":"POST","path":"/api/auth/login","bodyType":"object","body":{"email":"admin@local.com","password":"12345678"},"query":{},"params":{}}
2026-07-28T05:56:37.151Z {"event":"sanitizeMiddleware incoming","method":"POST","path":"/api/auth/login","bodyType":"object","body":{"email":"admin@local.com","password":"12345678"},"query":{},"params":{}}
2026-07-28T05:56:37.476Z {"event":"sanitizeMiddleware incoming","method":"GET","path":"/api/admin/users","bodyType":"undefined","query":{},"params":{}}
2026-07-28T05:56:59.292Z {"event":"sanitizeMiddleware incoming","method":"POST","path":"/api/auth/login","bodyType":"object","body":{"email":"admin@local.com","password":"1234567"},"query":{},"params":{}}
2026-07-28T05:56:59.416Z {"event":"sanitizeMiddleware incoming","method":"POST","path":"/api/auth/refresh","bodyType":"undefined","query":{},"params":{}}
2026-07-28T05:56:59.430Z {"event":"sanitizeMiddleware incoming","method":"POST","path":"/api/auth/login","bodyType":"object","body":{"email":"admin@local.com","password":"1234567"},"query":{},"params":{}}
2026-07-28T05:56:59.624Z {"event":"sanitizeMiddleware incoming","method":"POST","path":"/api/auth/login","bodyType":"object","body":{"email":"admin@local.com","password":"1234567"},"query":{},"params":{}}
2026-07-28T05:56:59.744Z {"event":"sanitizeMiddleware incoming","method":"POST","path":"/api/auth/refresh","bodyType":"undefined","query":{},"params":{}}
2026-07-28T05:56:59.759Z {"event":"sanitizeMiddleware incoming","method":"POST","path":"/api/auth/login","bodyType":"object","body":{"email":"admin@local.com","password":"1234567"},"query":{},"params":{}}
2026-07-28T05:56:59.955Z {"event":"sanitizeMiddleware incoming","method":"POST","path":"/api/auth/login","bodyType":"object","body":{"email":"admin@local.com","password":"1234567"},"query":{},"params":{}}
2026-07-28T05:57:00.080Z {"event":"sanitizeMiddleware incoming","method":"POST","path":"/api/auth/refresh","bodyType":"undefined","query":{},"params":{}}
2026-07-28T05:57:00.094Z {"event":"sanitizeMiddleware incoming","method":"POST","path":"/api/auth/login","bodyType":"object","body":{"email":"admin@local.com","password":"1234567"},"query":{},"params":{}}
2026-07-28T05:57:00.425Z {"event":"sanitizeMiddleware incoming","method":"POST","path":"/api/auth/login","bodyType":"object","body":{"email":"admin@local.com","password":"1234567"},"query":{},"params":{}}
2026-07-28T05:57:00.875Z {"event":"sanitizeMiddleware incoming","method":"POST","path":"/api/auth/login","bodyType":"object","body":{"email":"admin@local.com","password":"1234567"},"query":{},"params":{}}
2026-07-28T05:57:01.468Z {"event":"sanitizeMiddleware incoming","method":"POST","path":"/api/auth/login","bodyType":"object","body":{"email":"admin@local.com","password":"1234567"},"query":{},"params":{}}
2026-07-28T05:57:01.710Z {"event":"sanitizeMiddleware incoming","method":"POST","path":"/api/auth/login","bodyType":"object","body":{"email":"admin@local.com","password":"1234567"},"query":{},"params":{}}
2026-07-28T05:57:06.068Z {"event":"sanitizeMiddleware incoming","method":"POST","path":"/api/auth/login","bodyType":"object","body":{"email":"admin@local.com","password":"12345678"},"query":{},"params":{}}
2026-07-28T06:09:04.506Z {"event":"sanitizeMiddleware incoming","method":"POST","path":"/api/auth/login","bodyType":"object","body":{"email":"admin@local.com","password":"12345678"},"query":{},"params":{}}
2026-07-28T06:09:05.209Z {"event":"sanitizeMiddleware incoming","method":"POST","path":"/api/auth/login","bodyType":"object","body":{"email":"admin@local.com","password":"12345678"},"query":{},"params":{}}
2026-07-28T06:09:08.385Z {"event":"sanitizeMiddleware incoming","method":"POST","path":"/api/auth/login","bodyType":"object","body":{"email":"admin@local.com","password":"12345678"},"query":{},"params":{}}
2026-07-28T06:09:26.144Z {"event":"sanitizeMiddleware incoming","method":"POST","path":"/api/auth/login","bodyType":"object","body":{"email":"admin@local.com","password":"12345678"},"query":{},"params":{}}
2026-07-28T06:09:36.112Z {"event":"sanitizeMiddleware incoming","method":"POST","path":"/api/auth/login","bodyType":"object","body":{"email":"admin@local.com","password":"12345678"},"query":{},"params":{}}
2026-07-28T06:11:16.824Z {"event":"sanitizeMiddleware incoming","method":"POST","path":"/api/auth/login","bodyType":"object","body":{"email":"aashishshresth123@gmail.com","password":"A@gmail.1234"},"query":{},"params":{}}
2026-07-28T06:11:17.509Z {"event":"sanitizeMiddleware incoming","method":"GET","path":"/api/cart","bodyType":"undefined","query":{},"params":{}}
2026-07-28T06:11:17.515Z {"event":"sanitizeMiddleware incoming","method":"GET","path":"/api/products","bodyType":"undefined","query":{},"params":{}}
2026-07-28T06:11:17.519Z {"event":"sanitizeMiddleware incoming","method":"GET","path":"/api/products","bodyType":"undefined","query":{},"params":{}}
2026-07-28T06:11:17.522Z {"event":"sanitizeMiddleware incoming","method":"GET","path":"/api/products","bodyType":"undefined","query":{},"params":{}}
2026-07-28T06:11:17.524Z {"event":"sanitizeMiddleware incoming","method":"GET","path":"/api/products","bodyType":"undefined","query":{},"params":{}}
2026-07-28T06:11:17.550Z {"event":"sanitizeMiddleware incoming","method":"GET","path":"/api/cart","bodyType":"undefined","query":{},"params":{}}
2026-07-28T06:11:17.553Z {"event":"sanitizeMiddleware incoming","method":"GET","path":"/uploads/1784993168656-7t24kf.jpg","bodyType":"undefined","query":{},"params":{}}
2026-07-28T06:11:17.567Z {"event":"sanitizeMiddleware incoming","method":"GET","path":"/uploads/1785090892750-zubs1w.png","bodyType":"undefined","query":{},"params":{}}
2026-07-28T06:11:17.568Z {"event":"sanitizeMiddleware incoming","method":"GET","path":"/uploads/1785083371202-imifol.jpg","bodyType":"undefined","query":{},"params":{}}
2026-07-28T06:11:17.569Z {"event":"sanitizeMiddleware incoming","method":"GET","path":"/uploads/1784993140796-w2585g.jpg","bodyType":"undefined","query":{},"params":{}}
2026-07-28T06:11:17.585Z {"event":"sanitizeMiddleware incoming","method":"GET","path":"/uploads/1784993085622-40ny9z.jpg","bodyType":"undefined","query":{},"params":{}}
2026-07-28T06:11:17.587Z {"event":"sanitizeMiddleware incoming","method":"GET","path":"/uploads/1784993110100-h2h1ud.jpg","bodyType":"undefined","query":{},"params":{}}
2026-07-28T07:27:33.846Z {"event":"sanitizeMiddleware incoming","method":"GET","path":"/api/cart","bodyType":"undefined","query":{},"params":{}}
2026-07-28T07:27:33.858Z {"event":"sanitizeMiddleware incoming","method":"GET","path":"/api/products","bodyType":"undefined","query":{},"params":{}}
2026-07-28T07:27:33.861Z {"event":"sanitizeMiddleware incoming","method":"GET","path":"/api/products","bodyType":"undefined","query":{},"params":{}}
2026-07-28T07:27:33.863Z {"event":"sanitizeMiddleware incoming","method":"GET","path":"/api/products","bodyType":"undefined","query":{},"params":{}}
2026-07-28T07:27:33.865Z {"event":"sanitizeMiddleware incoming","method":"GET","path":"/api/products","bodyType":"undefined","query":{},"params":{}}
2026-07-28T07:27:33.894Z {"event":"sanitizeMiddleware incoming","method":"GET","path":"/uploads/1784993168656-7t24kf.jpg","bodyType":"undefined","query":{},"params":{}}
2026-07-28T07:27:33.896Z {"event":"sanitizeMiddleware incoming","method":"GET","path":"/api/cart","bodyType":"undefined","query":{},"params":{}}
2026-07-28T07:27:33.912Z {"event":"sanitizeMiddleware incoming","method":"GET","path":"/uploads/1785083371202-imifol.jpg","bodyType":"undefined","query":{},"params":{}}
2026-07-28T07:27:33.913Z {"event":"sanitizeMiddleware incoming","method":"GET","path":"/uploads/1785090892750-zubs1w.png","bodyType":"undefined","query":{},"params":{}}
2026-07-28T07:27:33.914Z {"event":"sanitizeMiddleware incoming","method":"GET","path":"/uploads/1784993140796-w2585g.jpg","bodyType":"undefined","query":{},"params":{}}
2026-07-28T07:27:33.936Z {"event":"sanitizeMiddleware incoming","method":"GET","path":"/uploads/1784993110100-h2h1ud.jpg","bodyType":"undefined","query":{},"params":{}}
2026-07-28T07:27:33.937Z {"event":"sanitizeMiddleware incoming","method":"GET","path":"/uploads/1784993085622-40ny9z.jpg","bodyType":"undefined","query":{},"params":{}}
2026-07-28T07:27:36.120Z {"event":"sanitizeMiddleware incoming","method":"POST","path":"/api/auth/logout","bodyType":"undefined","query":{},"params":{}}
2026-07-28T07:27:46.279Z {"event":"sanitizeMiddleware incoming","method":"POST","path":"/api/auth/login","bodyType":"object","body":{"email":"admin@local.com","password":"12345678"},"query":{},"params":{}}
2026-07-28T07:27:46.675Z {"event":"sanitizeMiddleware incoming","method":"GET","path":"/api/admin/users","bodyType":"undefined","query":{},"params":{}}
2026-07-28T07:27:48.405Z {"event":"sanitizeMiddleware incoming","method":"GET","path":"/api/activity","bodyType":"undefined","query":{},"params":{}}
2026-07-28T07:27:48.423Z {"event":"sanitizeMiddleware incoming","method":"GET","path":"/api/activity","bodyType":"undefined","query":{},"params":{}}
2026-07-28T07:27:50.006Z {"event":"sanitizeMiddleware incoming","method":"GET","path":"/api/admin/products","bodyType":"undefined","query":{},"params":{}}
2026-07-28T07:27:50.018Z {"event":"sanitizeMiddleware incoming","method":"GET","path":"/api/admin/products","bodyType":"undefined","query":{},"params":{}}
2026-07-28T07:27:50.039Z {"event":"sanitizeMiddleware incoming","method":"GET","path":"/uploads/1785090892750-zubs1w.png","bodyType":"undefined","query":{},"params":{}}
2026-07-28T07:27:50.040Z {"event":"sanitizeMiddleware incoming","method":"GET","path":"/uploads/1785083371202-imifol.jpg","bodyType":"undefined","query":{},"params":{}}
2026-07-28T07:27:50.040Z {"event":"sanitizeMiddleware incoming","method":"GET","path":"/uploads/1784993168656-7t24kf.jpg","bodyType":"undefined","query":{},"params":{}}
2026-07-28T07:27:50.041Z {"event":"sanitizeMiddleware incoming","method":"GET","path":"/uploads/1784993140796-w2585g.jpg","bodyType":"undefined","query":{},"params":{}}
2026-07-28T07:27:50.042Z {"event":"sanitizeMiddleware incoming","method":"GET","path":"/uploads/1784993110100-h2h1ud.jpg","bodyType":"undefined","query":{},"params":{}}
2026-07-28T07:27:50.043Z {"event":"sanitizeMiddleware incoming","method":"GET","path":"/uploads/1784993085622-40ny9z.jpg","bodyType":"undefined","query":{},"params":{}}
2026-07-28T07:27:50.848Z {"event":"sanitizeMiddleware incoming","method":"GET","path":"/api/activity","bodyType":"undefined","query":{},"params":{}}
2026-07-28T07:27:50.878Z {"event":"sanitizeMiddleware incoming","method":"GET","path":"/api/activity","bodyType":"undefined","query":{},"params":{}}
2026-07-28T07:27:52.860Z {"event":"sanitizeMiddleware incoming","method":"GET","path":"/api/admin/users","bodyType":"undefined","query":{},"params":{}}
2026-07-28T07:27:59.015Z {"event":"sanitizeMiddleware incoming","method":"GET","path":"/api/admin/products","bodyType":"undefined","query":{},"params":{}}
2026-07-28T07:27:59.027Z {"event":"sanitizeMiddleware incoming","method":"GET","path":"/api/admin/products","bodyType":"undefined","query":{},"params":{}}
2026-07-28T07:28:21.525Z {"event":"sanitizeMiddleware incoming","method":"POST","path":"/api/auth/login","bodyType":"object","body":{"email":"aashishshresth123@gmail.com","password":"A@gmail.1234"},"query":{},"params":{}}
2026-07-28T07:28:22.090Z {"event":"sanitizeMiddleware incoming","method":"GET","path":"/api/products","bodyType":"undefined","query":{},"params":{}}
2026-07-28T07:28:22.092Z {"event":"sanitizeMiddleware incoming","method":"GET","path":"/api/products","bodyType":"undefined","query":{},"params":{}}
2026-07-28T07:28:22.095Z {"event":"sanitizeMiddleware incoming","method":"GET","path":"/api/products","bodyType":"undefined","query":{},"params":{}}
2026-07-28T07:28:22.097Z {"event":"sanitizeMiddleware incoming","method":"GET","path":"/api/cart","bodyType":"undefined","query":{},"params":{}}
2026-07-28T07:28:22.099Z {"event":"sanitizeMiddleware incoming","method":"GET","path":"/api/products","bodyType":"undefined","query":{},"params":{}}
2026-07-28T07:28:22.118Z {"event":"sanitizeMiddleware incoming","method":"GET","path":"/uploads/1784993168656-7t24kf.jpg","bodyType":"undefined","query":{},"params":{}}
2026-07-28T07:28:22.119Z {"event":"sanitizeMiddleware incoming","method":"GET","path":"/api/cart","bodyType":"undefined","query":{},"params":{}}
2026-07-28T07:28:22.134Z {"event":"sanitizeMiddleware incoming","method":"GET","path":"/uploads/1785083371202-imifol.jpg","bodyType":"undefined","query":{},"params":{}}
2026-07-28T07:28:22.135Z {"event":"sanitizeMiddleware incoming","method":"GET","path":"/uploads/1785090892750-zubs1w.png","bodyType":"undefined","query":{},"params":{}}
2026-07-28T07:28:22.135Z {"event":"sanitizeMiddleware incoming","method":"GET","path":"/uploads/1784993140796-w2585g.jpg","bodyType":"undefined","query":{},"params":{}}
2026-07-28T07:28:22.150Z {"event":"sanitizeMiddleware incoming","method":"GET","path":"/uploads/1784993110100-h2h1ud.jpg","bodyType":"undefined","query":{},"params":{}}
2026-07-28T07:28:22.152Z {"event":"sanitizeMiddleware incoming","method":"GET","path":"/uploads/1784993085622-40ny9z.jpg","bodyType":"undefined","query":{},"params":{}}
2026-07-28T07:28:32.199Z {"event":"sanitizeMiddleware incoming","method":"GET","path":"/api/auth/6a6842d2b5bdf21189433985","bodyType":"undefined","query":{},"params":{}}
2026-07-28T07:28:32.202Z {"event":"sanitizeMiddleware incoming","method":"GET","path":"/api/cart","bodyType":"undefined","query":{},"params":{}}
2026-07-28T07:28:32.222Z {"event":"sanitizeMiddleware incoming","method":"GET","path":"/api/auth/6a6842d2b5bdf21189433985","bodyType":"undefined","query":{},"params":{}}
2026-07-28T07:28:32.225Z {"event":"sanitizeMiddleware incoming","method":"GET","path":"/api/cart","bodyType":"undefined","query":{},"params":{}}
2026-07-28T07:28:34.612Z {"event":"sanitizeMiddleware incoming","method":"GET","path":"/api/products","bodyType":"undefined","query":{},"params":{}}
2026-07-28T07:28:34.614Z {"event":"sanitizeMiddleware incoming","method":"GET","path":"/api/products","bodyType":"undefined","query":{},"params":{}}
2026-07-28T07:28:34.616Z {"event":"sanitizeMiddleware incoming","method":"GET","path":"/api/products","bodyType":"undefined","query":{},"params":{}}
2026-07-28T07:28:34.618Z {"event":"sanitizeMiddleware incoming","method":"GET","path":"/api/products","bodyType":"undefined","query":{},"params":{}}
2026-07-28T07:28:34.698Z {"event":"sanitizeMiddleware incoming","method":"GET","path":"/api/cart","bodyType":"undefined","query":{},"params":{}}
2026-07-28T07:28:34.735Z {"event":"sanitizeMiddleware incoming","method":"GET","path":"/api/cart","bodyType":"undefined","query":{},"params":{}}
2026-07-28T08:48:04.670Z {"event":"sanitizeMiddleware incoming","method":"GET","path":"/api/cart","bodyType":"undefined","query":{},"params":{}}
2026-07-28T08:48:04.746Z {"event":"sanitizeMiddleware incoming","method":"GET","path":"/api/products","bodyType":"undefined","query":{},"params":{}}
2026-07-28T08:48:04.755Z {"event":"sanitizeMiddleware incoming","method":"GET","path":"/api/products","bodyType":"undefined","query":{},"params":{}}
2026-07-28T08:48:04.758Z {"event":"sanitizeMiddleware incoming","method":"GET","path":"/api/products","bodyType":"undefined","query":{},"params":{}}
2026-07-28T08:48:04.760Z {"event":"sanitizeMiddleware incoming","method":"GET","path":"/api/products","bodyType":"undefined","query":{},"params":{}}
2026-07-28T08:48:04.818Z {"event":"sanitizeMiddleware incoming","method":"GET","path":"/api/cart","bodyType":"undefined","query":{},"params":{}}
2026-07-28T08:48:04.832Z {"event":"sanitizeMiddleware incoming","method":"GET","path":"/uploads/1785090892750-zubs1w.png","bodyType":"undefined","query":{},"params":{}}
2026-07-28T08:48:04.836Z {"event":"sanitizeMiddleware incoming","method":"GET","path":"/uploads/1785083371202-imifol.jpg","bodyType":"undefined","query":{},"params":{}}
2026-07-28T08:48:04.837Z {"event":"sanitizeMiddleware incoming","method":"GET","path":"/uploads/1784993168656-7t24kf.jpg","bodyType":"undefined","query":{},"params":{}}
2026-07-28T08:48:04.857Z {"event":"sanitizeMiddleware incoming","method":"GET","path":"/uploads/1784993140796-w2585g.jpg","bodyType":"undefined","query":{},"params":{}}
2026-07-28T08:48:04.861Z {"event":"sanitizeMiddleware incoming","method":"GET","path":"/uploads/1784993110100-h2h1ud.jpg","bodyType":"undefined","query":{},"params":{}}
2026-07-28T08:48:04.872Z {"event":"sanitizeMiddleware incoming","method":"GET","path":"/uploads/1784993085622-40ny9z.jpg","bodyType":"undefined","query":{},"params":{}}
2026-07-28T08:48:07.618Z {"event":"sanitizeMiddleware incoming","method":"POST","path":"/api/auth/logout","bodyType":"undefined","query":{},"params":{}}
2026-07-28T08:48:30.072Z {"event":"sanitizeMiddleware incoming","method":"POST","path":"/api/auth/login","bodyType":"object","body":{"email":"admin@local.com","password":"12345678"},"query":{},"params":{}}
2026-07-28T08:48:30.459Z {"event":"sanitizeMiddleware incoming","method":"GET","path":"/api/admin/users","bodyType":"undefined","query":{},"params":{}}
2026-07-28T08:48:32.904Z {"event":"sanitizeMiddleware incoming","method":"GET","path":"/api/activity","bodyType":"undefined","query":{},"params":{}}
2026-07-28T08:48:32.945Z {"event":"sanitizeMiddleware incoming","method":"GET","path":"/api/activity","bodyType":"undefined","query":{},"params":{}}
2026-07-28T08:48:54.617Z {"event":"sanitizeMiddleware incoming","method":"POST","path":"/api/auth/login","bodyType":"object","body":{"email":"aashishshresth123@gmail.com","password":"A@gmail.1234"},"query":{},"params":{}}
2026-07-28T08:48:55.234Z {"event":"sanitizeMiddleware incoming","method":"GET","path":"/api/products","bodyType":"undefined","query":{},"params":{}}
2026-07-28T08:48:55.238Z {"event":"sanitizeMiddleware incoming","method":"GET","path":"/api/products","bodyType":"undefined","query":{},"params":{}}
2026-07-28T08:48:55.241Z {"event":"sanitizeMiddleware incoming","method":"GET","path":"/api/products","bodyType":"undefined","query":{},"params":{}}
2026-07-28T08:48:55.246Z {"event":"sanitizeMiddleware incoming","method":"GET","path":"/api/cart","bodyType":"undefined","query":{},"params":{}}
2026-07-28T08:48:55.249Z {"event":"sanitizeMiddleware incoming","method":"GET","path":"/api/products","bodyType":"undefined","query":{},"params":{}}
2026-07-28T08:48:55.278Z {"event":"sanitizeMiddleware incoming","method":"GET","path":"/uploads/1784993168656-7t24kf.jpg","bodyType":"undefined","query":{},"params":{}}
2026-07-28T08:48:55.305Z {"event":"sanitizeMiddleware incoming","method":"GET","path":"/uploads/1785090892750-zubs1w.png","bodyType":"undefined","query":{},"params":{}}
2026-07-28T08:48:55.307Z {"event":"sanitizeMiddleware incoming","method":"GET","path":"/api/cart","bodyType":"undefined","query":{},"params":{}}
2026-07-28T08:48:55.313Z {"event":"sanitizeMiddleware incoming","method":"GET","path":"/uploads/1785083371202-imifol.jpg","bodyType":"undefined","query":{},"params":{}}
2026-07-28T08:48:55.315Z {"event":"sanitizeMiddleware incoming","method":"GET","path":"/uploads/1784993140796-w2585g.jpg","bodyType":"undefined","query":{},"params":{}}
2026-07-28T08:48:55.316Z {"event":"sanitizeMiddleware incoming","method":"GET","path":"/uploads/1784993110100-h2h1ud.jpg","bodyType":"undefined","query":{},"params":{}}
2026-07-28T08:48:55.354Z {"event":"sanitizeMiddleware incoming","method":"GET","path":"/uploads/1784993085622-40ny9z.jpg","bodyType":"undefined","query":{},"params":{}}
2026-07-28T08:49:51.728Z {"event":"sanitizeMiddleware incoming","method":"POST","path":"/api/auth/logout","bodyType":"undefined","query":{},"params":{}}
2026-07-28T09:08:51.944Z {"event":"sanitizeMiddleware incoming","bodyType":"object","body":{"email":"user@example.com","$where":"sleep(1)"},"query":{},"params":{}}
2026-07-28T09:09:19.498Z {"event":"sanitizeMiddleware incoming","bodyType":"object","body":{"email":"user@example.com","$where":"sleep(1)"},"query":{},"params":{}}
2026-07-28T09:10:45.061Z {"event":"sanitizeMiddleware incoming","bodyType":"object","body":{"email":"user@example.com","$where":"sleep(1)"},"query":{},"params":{}}
2026-07-28T09:11:31.224Z {"event":"sanitizeMiddleware incoming","method":"POST","path":"/api/auth/login","bodyType":"object","body":{"email":"aashishshresth123@gmail.com","password":"A@gmail.1234"},"query":{},"params":{}}
2026-07-28T09:11:31.900Z {"event":"sanitizeMiddleware incoming","method":"GET","path":"/api/cart","bodyType":"undefined","query":{},"params":{}}
2026-07-28T09:11:31.902Z {"event":"sanitizeMiddleware incoming","method":"GET","path":"/api/products","bodyType":"undefined","query":{},"params":{}}
2026-07-28T09:11:31.905Z {"event":"sanitizeMiddleware incoming","method":"GET","path":"/api/products","bodyType":"undefined","query":{},"params":{}}
2026-07-28T09:11:31.908Z {"event":"sanitizeMiddleware incoming","method":"GET","path":"/api/products","bodyType":"undefined","query":{},"params":{}}
2026-07-28T09:11:31.911Z {"event":"sanitizeMiddleware incoming","method":"GET","path":"/api/products","bodyType":"undefined","query":{},"params":{}}
2026-07-28T09:11:31.940Z {"event":"sanitizeMiddleware incoming","method":"GET","path":"/api/cart","bodyType":"undefined","query":{},"params":{}}
2026-07-28T09:11:31.946Z {"event":"sanitizeMiddleware incoming","method":"GET","path":"/uploads/1784993168656-7t24kf.jpg","bodyType":"undefined","query":{},"params":{}}
2026-07-28T09:11:31.974Z {"event":"sanitizeMiddleware incoming","method":"GET","path":"/uploads/1785090892750-zubs1w.png","bodyType":"undefined","query":{},"params":{}}
2026-07-28T09:11:31.989Z {"event":"sanitizeMiddleware incoming","method":"GET","path":"/uploads/1785083371202-imifol.jpg","bodyType":"undefined","query":{},"params":{}}
2026-07-28T09:11:31.992Z {"event":"sanitizeMiddleware incoming","method":"GET","path":"/uploads/1784993140796-w2585g.jpg","bodyType":"undefined","query":{},"params":{}}
2026-07-28T09:11:31.995Z {"event":"sanitizeMiddleware incoming","method":"GET","path":"/uploads/1784993110100-h2h1ud.jpg","bodyType":"undefined","query":{},"params":{}}
2026-07-28T09:11:31.997Z {"event":"sanitizeMiddleware incoming","method":"GET","path":"/uploads/1784993085622-40ny9z.jpg","bodyType":"undefined","query":{},"params":{}}
2026-07-28T09:11:35.517Z {"event":"sanitizeMiddleware incoming","method":"GET","path":"/api/cart","bodyType":"undefined","query":{},"params":{}}
2026-07-28T09:11:35.520Z {"event":"sanitizeMiddleware incoming","method":"GET","path":"/api/auth/6a6842d2b5bdf21189433985","bodyType":"undefined","query":{},"params":{}}
2026-07-28T09:11:35.545Z {"event":"sanitizeMiddleware incoming","method":"GET","path":"/api/cart","bodyType":"undefined","query":{},"params":{}}
2026-07-28T09:11:35.548Z {"event":"sanitizeMiddleware incoming","method":"GET","path":"/api/auth/6a6842d2b5bdf21189433985","bodyType":"undefined","query":{},"params":{}}
2026-07-28T09:11:39.559Z {"event":"sanitizeMiddleware incoming","method":"GET","path":"/api/cart","bodyType":"undefined","query":{},"params":{}}
2026-07-28T09:11:39.563Z {"event":"sanitizeMiddleware incoming","method":"GET","path":"/api/favorites","bodyType":"undefined","query":{},"params":{}}
2026-07-28T09:11:39.610Z {"event":"sanitizeMiddleware incoming","method":"GET","path":"/api/cart","bodyType":"undefined","query":{},"params":{}}
2026-07-28T09:11:39.614Z {"event":"sanitizeMiddleware incoming","method":"GET","path":"/api/favorites","bodyType":"undefined","query":{},"params":{}}
2026-07-28T09:11:40.746Z {"event":"sanitizeMiddleware incoming","method":"GET","path":"/api/cart","bodyType":"undefined","query":{},"params":{}}
2026-07-28T09:11:40.768Z {"event":"sanitizeMiddleware incoming","method":"GET","path":"/api/cart","bodyType":"undefined","query":{},"params":{}}
2026-07-28T09:11:40.799Z {"event":"sanitizeMiddleware incoming","method":"GET","path":"/api/cart","bodyType":"undefined","query":{},"params":{}}
2026-07-28T09:11:40.818Z {"event":"sanitizeMiddleware incoming","method":"GET","path":"/api/cart","bodyType":"undefined","query":{},"params":{}}
2026-07-28T09:11:42.645Z {"event":"sanitizeMiddleware incoming","method":"GET","path":"/api/cart","bodyType":"undefined","query":{},"params":{}}
2026-07-28T09:11:42.652Z {"event":"sanitizeMiddleware incoming","method":"GET","path":"/api/favorites","bodyType":"undefined","query":{},"params":{}}
2026-07-28T09:11:42.679Z {"event":"sanitizeMiddleware incoming","method":"GET","path":"/api/cart","bodyType":"undefined","query":{},"params":{}}
2026-07-28T09:11:42.682Z {"event":"sanitizeMiddleware incoming","method":"GET","path":"/api/favorites","bodyType":"undefined","query":{},"params":{}}
2026-07-28T09:15:12.632Z {"event":"sanitizeMiddleware incoming","method":"GET","path":"/api/cart","bodyType":"undefined","query":{},"params":{}}
2026-07-28T09:15:12.633Z {"event":"sanitizeMiddleware incoming","method":"GET","path":"/api/favorites","bodyType":"undefined","query":{},"params":{}}
2026-07-28T09:15:12.648Z {"event":"sanitizeMiddleware incoming","method":"POST","path":"/api/auth/refresh","bodyType":"undefined","query":{},"params":{}}
2026-07-28T09:15:12.658Z {"event":"sanitizeMiddleware incoming","method":"POST","path":"/api/auth/refresh","bodyType":"undefined","query":{},"params":{}}
2026-07-28T09:15:12.666Z {"event":"sanitizeMiddleware incoming","method":"GET","path":"/api/cart","bodyType":"undefined","query":{},"params":{}}
2026-07-28T09:15:12.670Z {"event":"sanitizeMiddleware incoming","method":"GET","path":"/api/favorites","bodyType":"undefined","query":{},"params":{}}
2026-07-28T09:15:12.683Z {"event":"sanitizeMiddleware incoming","method":"POST","path":"/api/auth/refresh","bodyType":"undefined","query":{},"params":{}}
2026-07-28T09:15:12.689Z {"event":"sanitizeMiddleware incoming","method":"POST","path":"/api/auth/refresh","bodyType":"undefined","query":{},"params":{}}
2026-07-28T09:15:12.697Z {"event":"sanitizeMiddleware incoming","method":"GET","path":"/api/cart","bodyType":"undefined","query":{},"params":{}}
2026-07-28T09:15:12.699Z {"event":"sanitizeMiddleware incoming","method":"GET","path":"/api/favorites","bodyType":"undefined","query":{},"params":{}}
2026-07-28T09:15:23.943Z {"event":"sanitizeMiddleware incoming","method":"GET","path":"/api/cart","bodyType":"undefined","query":{},"params":{}}
2026-07-28T09:15:23.953Z {"event":"sanitizeMiddleware incoming","method":"POST","path":"/api/auth/refresh","bodyType":"undefined","query":{},"params":{}}
2026-07-28T09:15:23.973Z {"event":"sanitizeMiddleware incoming","method":"GET","path":"/api/cart","bodyType":"undefined","query":{},"params":{}}
2026-07-28T09:16:57.220Z {"event":"sanitizeMiddleware incoming","method":"GET","path":"/api/auth/session","bodyType":"undefined","query":{},"params":{}}
2026-07-28T09:16:57.228Z {"event":"sanitizeMiddleware incoming","method":"GET","path":"/api/auth/session","bodyType":"undefined","query":{},"params":{}}
2026-07-28T09:19:19.867Z {"event":"sanitizeMiddleware incoming","bodyType":"object","body":{"email":"user@example.com","$where":"sleep(1)"},"query":{},"params":{}}
2026-07-28T09:19:46.569Z {"event":"sanitizeMiddleware incoming","method":"GET","path":"/api/auth/session","bodyType":"undefined","query":{},"params":{}}
2026-07-28T09:19:46.576Z {"event":"sanitizeMiddleware incoming","method":"GET","path":"/api/auth/session","bodyType":"undefined","query":{},"params":{}}
2026-07-28T09:19:46.580Z {"event":"sanitizeMiddleware incoming","method":"POST","path":"/api/auth/refresh","bodyType":"undefined","query":{},"params":{}}
2026-07-28T09:19:46.591Z {"event":"sanitizeMiddleware incoming","method":"POST","path":"/api/auth/refresh","bodyType":"undefined","query":{},"params":{}}
2026-07-28T09:19:46.604Z {"event":"sanitizeMiddleware incoming","method":"GET","path":"/api/auth/session","bodyType":"undefined","query":{},"params":{}}
2026-07-28T09:20:12.502Z {"event":"sanitizeMiddleware incoming","bodyType":"object","body":{"email":"user@example.com","$where":"sleep(1)"},"query":{},"params":{}}
2026-07-28T09:21:12.856Z {"event":"sanitizeMiddleware incoming","method":"GET","path":"/api/auth/session","bodyType":"undefined","query":{},"params":{}}
2026-07-28T09:21:12.925Z {"event":"sanitizeMiddleware incoming","method":"GET","path":"/api/auth/session","bodyType":"undefined","query":{},"params":{}}
2026-07-28T09:21:12.932Z {"event":"sanitizeMiddleware incoming","method":"POST","path":"/api/auth/refresh","bodyType":"undefined","query":{},"params":{}}
2026-07-28T09:21:32.154Z {"event":"sanitizeMiddleware incoming","method":"POST","path":"/api/auth/login","bodyType":"object","body":{"email":"aashishshresth123@gmail.com","password":"A@gmail.1234"},"query":{},"params":{}}
2026-07-28T09:21:32.777Z {"event":"sanitizeMiddleware incoming","method":"GET","path":"/api/auth/session","bodyType":"undefined","query":{},"params":{}}
2026-07-28T09:21:32.785Z {"event":"sanitizeMiddleware incoming","method":"GET","path":"/api/auth/session","bodyType":"undefined","query":{},"params":{}}
2026-07-28T09:21:44.018Z {"event":"sanitizeMiddleware incoming","method":"POST","path":"/api/auth/login","bodyType":"object","body":{"email":"aashishshresth123@gmail.com","password":"A@gmail.1234"},"query":{},"params":{}}
2026-07-28T09:21:44.530Z {"event":"sanitizeMiddleware incoming","method":"GET","path":"/api/auth/session","bodyType":"undefined","query":{},"params":{}}
2026-07-28T09:21:44.541Z {"event":"sanitizeMiddleware incoming","method":"GET","path":"/api/auth/session","bodyType":"undefined","query":{},"params":{}}
2026-07-28T09:22:35.695Z {"event":"sanitizeMiddleware incoming","method":"POST","path":"/api/auth/login","bodyType":"object","body":{"email":"aashishshresth123@gmail.com","password":"A@gmail.1234"},"query":{},"params":{}}
2026-07-28T09:22:36.253Z {"event":"sanitizeMiddleware incoming","method":"GET","path":"/api/auth/session","bodyType":"undefined","query":{},"params":{}}
2026-07-28T09:22:36.264Z {"event":"sanitizeMiddleware incoming","method":"GET","path":"/api/auth/session","bodyType":"undefined","query":{},"params":{}}
2026-07-28T09:26:00.901Z {"event":"sanitizeMiddleware incoming","bodyType":"object","body":{"email":"user@example.com","$where":"sleep(1)"},"query":{},"params":{}}
2026-07-28T09:27:07.215Z {"event":"sanitizeMiddleware incoming","method":"POST","path":"/api/auth/login","bodyType":"object","body":{"email":"aashishshresth123@gmail.com","password":"A@gmail.1234"},"query":{},"params":{}}
2026-07-28T09:27:07.663Z {"event":"sanitizeMiddleware incoming","method":"GET","path":"/api/auth/session","bodyType":"undefined","query":{},"params":{}}
2026-07-28T09:31:15.793Z {"event":"sanitizeMiddleware incoming","method":"GET","path":"/","bodyType":"undefined","query":{},"params":{}}
2026-07-28T09:31:43.411Z {"event":"sanitizeMiddleware incoming","method":"POST","path":"/api/auth/login","bodyType":"object","body":{"email":"aashishshresth123@gmail.com","password":"A@gmail.1234"},"query":{},"params":{}}
2026-07-28T09:31:43.918Z {"event":"sanitizeMiddleware incoming","method":"GET","path":"/api/auth/session","bodyType":"undefined","query":{},"params":{}}
2026-07-28T09:31:44.093Z {"event":"sanitizeMiddleware incoming","method":"GET","path":"/api/auth/session","bodyType":"undefined","query":{},"params":{}}
2026-07-28T09:31:44.097Z {"event":"sanitizeMiddleware incoming","method":"GET","path":"/api/auth/session","bodyType":"undefined","query":{},"params":{}}
2026-07-28T09:31:44.186Z {"event":"sanitizeMiddleware incoming","method":"GET","path":"/api/auth/session","bodyType":"undefined","query":{},"params":{}}
2026-07-28T09:31:44.188Z {"event":"sanitizeMiddleware incoming","method":"GET","path":"/api/auth/session","bodyType":"undefined","query":{},"params":{}}
2026-07-28T09:31:44.190Z {"event":"sanitizeMiddleware incoming","method":"GET","path":"/api/products","bodyType":"undefined","query":{},"params":{}}
2026-07-28T09:31:44.195Z {"event":"sanitizeMiddleware incoming","method":"GET","path":"/api/products","bodyType":"undefined","query":{},"params":{}}
2026-07-28T09:31:44.197Z {"event":"sanitizeMiddleware incoming","method":"GET","path":"/api/auth/session","bodyType":"undefined","query":{},"params":{}}
2026-07-28T09:31:44.199Z {"event":"sanitizeMiddleware incoming","method":"GET","path":"/api/auth/session","bodyType":"undefined","query":{},"params":{}}
2026-07-28T09:31:44.221Z {"event":"sanitizeMiddleware incoming","method":"GET","path":"/api/products","bodyType":"undefined","query":{},"params":{}}
2026-07-28T09:31:44.223Z {"event":"sanitizeMiddleware incoming","method":"GET","path":"/api/products","bodyType":"undefined","query":{},"params":{}}
2026-07-28T09:31:44.235Z {"event":"sanitizeMiddleware incoming","method":"GET","path":"/api/cart","bodyType":"undefined","query":{},"params":{}}
2026-07-28T09:31:44.242Z {"event":"sanitizeMiddleware incoming","method":"GET","path":"/uploads/1784993168656-7t24kf.jpg","bodyType":"undefined","query":{},"params":{}}
2026-07-28T09:31:44.250Z {"event":"sanitizeMiddleware incoming","method":"GET","path":"/uploads/1785090892750-zubs1w.png","bodyType":"undefined","query":{},"params":{}}
2026-07-28T09:31:44.265Z {"event":"sanitizeMiddleware incoming","method":"GET","path":"/uploads/1785083371202-imifol.jpg","bodyType":"undefined","query":{},"params":{}}
2026-07-28T09:31:44.267Z {"event":"sanitizeMiddleware incoming","method":"GET","path":"/api/cart","bodyType":"undefined","query":{},"params":{}}
2026-07-28T09:31:44.271Z {"event":"sanitizeMiddleware incoming","method":"GET","path":"/uploads/1784993110100-h2h1ud.jpg","bodyType":"undefined","query":{},"params":{}}
2026-07-28T09:31:44.272Z {"event":"sanitizeMiddleware incoming","method":"GET","path":"/uploads/1784993140796-w2585g.jpg","bodyType":"undefined","query":{},"params":{}}
2026-07-28T09:31:44.278Z {"event":"sanitizeMiddleware incoming","method":"GET","path":"/uploads/1784993085622-40ny9z.jpg","bodyType":"undefined","query":{},"params":{}}
2026-07-28T10:52:20.496Z {"event":"sanitizeMiddleware incoming","bodyType":"object","body":{"email":"user@example.com","$where":"sleep(1)"},"query":{},"params":{}}
2026-07-28T10:53:05.769Z {"event":"sanitizeMiddleware incoming","bodyType":"object","body":{"email":"user@example.com","$where":"sleep(1)"},"query":{},"params":{}}
2026-07-28T10:53:39.854Z {"event":"sanitizeMiddleware incoming","method":"GET","path":"/","bodyType":"undefined","query":{},"params":{}}
2026-07-28T11:15:55.638Z {"event":"sanitizeMiddleware incoming","method":"POST","path":"/api/auth/logout","bodyType":"undefined","query":{},"params":{}}
2026-07-28T11:15:55.650Z {"event":"sanitizeMiddleware incoming","method":"POST","path":"/api/auth/refresh","bodyType":"undefined","query":{},"params":{}}
2026-07-28T11:15:55.693Z {"event":"sanitizeMiddleware incoming","method":"POST","path":"/api/auth/logout","bodyType":"undefined","query":{},"params":{}}
2026-07-28T11:16:08.423Z {"event":"sanitizeMiddleware incoming","method":"POST","path":"/api/auth/login","bodyType":"object","body":{"email":"aashishshresth123@gmail.com","password":"A@gmail.1234"},"query":{},"params":{}}
2026-07-28T11:16:08.887Z {"event":"sanitizeMiddleware incoming","method":"GET","path":"/api/auth/session","bodyType":"undefined","query":{},"params":{}}
2026-07-28T11:16:08.978Z {"event":"sanitizeMiddleware incoming","method":"GET","path":"/api/auth/session","bodyType":"undefined","query":{},"params":{}}
2026-07-28T11:16:08.994Z {"event":"sanitizeMiddleware incoming","method":"GET","path":"/api/auth/session","bodyType":"undefined","query":{},"params":{}}
2026-07-28T11:16:09.024Z {"event":"sanitizeMiddleware incoming","method":"GET","path":"/api/auth/session","bodyType":"undefined","query":{},"params":{}}
2026-07-28T11:16:09.029Z {"event":"sanitizeMiddleware incoming","method":"GET","path":"/api/auth/session","bodyType":"undefined","query":{},"params":{}}
2026-07-28T11:16:09.032Z {"event":"sanitizeMiddleware incoming","method":"GET","path":"/api/products","bodyType":"undefined","query":{},"params":{}}
2026-07-28T11:16:09.037Z {"event":"sanitizeMiddleware incoming","method":"GET","path":"/api/products","bodyType":"undefined","query":{},"params":{}}
2026-07-28T11:16:09.046Z {"event":"sanitizeMiddleware incoming","method":"GET","path":"/api/auth/session","bodyType":"undefined","query":{},"params":{}}
2026-07-28T11:16:09.049Z {"event":"sanitizeMiddleware incoming","method":"GET","path":"/api/auth/session","bodyType":"undefined","query":{},"params":{}}
2026-07-28T11:16:09.056Z {"event":"sanitizeMiddleware incoming","method":"GET","path":"/api/products","bodyType":"undefined","query":{},"params":{}}
2026-07-28T11:16:09.058Z {"event":"sanitizeMiddleware incoming","method":"GET","path":"/api/products","bodyType":"undefined","query":{},"params":{}}
2026-07-28T11:16:09.068Z {"event":"sanitizeMiddleware incoming","method":"GET","path":"/api/cart","bodyType":"undefined","query":{},"params":{}}
2026-07-28T11:16:09.076Z {"event":"sanitizeMiddleware incoming","method":"GET","path":"/api/cart","bodyType":"undefined","query":{},"params":{}}
2026-07-28T11:16:33.960Z {"event":"sanitizeMiddleware incoming","method":"POST","path":"/api/auth/login","bodyType":"object","body":{"email":"aashishshresth123@gmail.com","password":"A@gmail.1234"},"query":{},"params":{}}
2026-07-28T11:16:34.418Z {"event":"sanitizeMiddleware incoming","method":"GET","path":"/api/auth/session","bodyType":"undefined","query":{},"params":{}}
2026-07-28T11:17:13.235Z {"event":"sanitizeMiddleware incoming","method":"POST","path":"/api/auth/login","bodyType":"object","body":{"email":"aashishshresth123@gmail.com","password":"A@gmail.1234"},"query":{},"params":{}}
2026-07-28T11:17:13.725Z {"event":"sanitizeMiddleware incoming","method":"GET","path":"/api/auth/session","bodyType":"undefined","query":{},"params":{}}
2026-07-28T11:17:13.899Z {"event":"sanitizeMiddleware incoming","method":"GET","path":"/api/auth/session","bodyType":"undefined","query":{},"params":{}}
2026-07-28T11:17:13.902Z {"event":"sanitizeMiddleware incoming","method":"GET","path":"/api/auth/session","bodyType":"undefined","query":{},"params":{}}
2026-07-28T11:17:13.949Z {"event":"sanitizeMiddleware incoming","method":"GET","path":"/api/auth/session","bodyType":"undefined","query":{},"params":{}}
2026-07-28T11:17:13.958Z {"event":"sanitizeMiddleware incoming","method":"GET","path":"/api/auth/session","bodyType":"undefined","query":{},"params":{}}
2026-07-28T11:17:13.962Z {"event":"sanitizeMiddleware incoming","method":"GET","path":"/api/products","bodyType":"undefined","query":{},"params":{}}
2026-07-28T11:17:13.966Z {"event":"sanitizeMiddleware incoming","method":"GET","path":"/api/products","bodyType":"undefined","query":{},"params":{}}
2026-07-28T11:17:13.968Z {"event":"sanitizeMiddleware incoming","method":"GET","path":"/api/auth/session","bodyType":"undefined","query":{},"params":{}}
2026-07-28T11:17:13.970Z {"event":"sanitizeMiddleware incoming","method":"GET","path":"/api/auth/session","bodyType":"undefined","query":{},"params":{}}
2026-07-28T11:17:13.980Z {"event":"sanitizeMiddleware incoming","method":"GET","path":"/api/products","bodyType":"undefined","query":{},"params":{}}
2026-07-28T11:17:13.988Z {"event":"sanitizeMiddleware incoming","method":"GET","path":"/api/products","bodyType":"undefined","query":{},"params":{}}
2026-07-28T11:17:14.016Z {"event":"sanitizeMiddleware incoming","method":"GET","path":"/api/cart","bodyType":"undefined","query":{},"params":{}}
2026-07-28T11:17:14.036Z {"event":"sanitizeMiddleware incoming","method":"GET","path":"/uploads/1784993168656-7t24kf.jpg","bodyType":"undefined","query":{},"params":{}}
2026-07-28T11:17:14.046Z {"event":"sanitizeMiddleware incoming","method":"GET","path":"/uploads/1785090892750-zubs1w.png","bodyType":"undefined","query":{},"params":{}}
2026-07-28T11:17:14.060Z {"event":"sanitizeMiddleware incoming","method":"GET","path":"/uploads/1785083371202-imifol.jpg","bodyType":"undefined","query":{},"params":{}}
2026-07-28T11:17:14.061Z {"event":"sanitizeMiddleware incoming","method":"GET","path":"/uploads/1784993140796-w2585g.jpg","bodyType":"undefined","query":{},"params":{}}
2026-07-28T11:17:14.063Z {"event":"sanitizeMiddleware incoming","method":"GET","path":"/api/cart","bodyType":"undefined","query":{},"params":{}}
2026-07-28T11:17:14.067Z {"event":"sanitizeMiddleware incoming","method":"GET","path":"/uploads/1784993110100-h2h1ud.jpg","bodyType":"undefined","query":{},"params":{}}
2026-07-28T11:17:14.068Z {"event":"sanitizeMiddleware incoming","method":"GET","path":"/uploads/1784993085622-40ny9z.jpg","bodyType":"undefined","query":{},"params":{}}
2026-07-28T11:17:16.170Z {"event":"sanitizeMiddleware incoming","method":"GET","path":"/api/auth/session","bodyType":"undefined","query":{},"params":{}}
2026-07-28T11:17:16.172Z {"event":"sanitizeMiddleware incoming","method":"GET","path":"/api/auth/session","bodyType":"undefined","query":{},"params":{}}
2026-07-28T11:17:18.529Z {"event":"sanitizeMiddleware incoming","method":"GET","path":"/api/auth/session","bodyType":"undefined","query":{},"params":{}}
2026-07-28T11:17:18.530Z {"event":"sanitizeMiddleware incoming","method":"GET","path":"/api/auth/session","bodyType":"undefined","query":{},"params":{}}
2026-07-28T11:17:28.534Z {"event":"sanitizeMiddleware incoming","method":"POST","path":"/api/auth/login","bodyType":"object","body":{"email":"aashishshresth123@gmail.com","password":"A@gmail.1234"},"query":{},"params":{}}
2026-07-28T11:17:28.985Z {"event":"sanitizeMiddleware incoming","method":"GET","path":"/api/auth/session","bodyType":"undefined","query":{},"params":{}}
2026-07-28T11:18:02.481Z {"event":"sanitizeMiddleware incoming","method":"POST","path":"/api/auth/login","bodyType":"object","body":{"email":"admin@local.com","password":"12345678"},"query":{},"params":{}}
2026-07-28T11:18:02.610Z {"event":"sanitizeMiddleware incoming","method":"GET","path":"/api/auth/session","bodyType":"undefined","query":{},"params":{}}
2026-07-28T11:19:11.152Z {"event":"sanitizeMiddleware incoming","method":"POST","path":"/api/auth/register","bodyType":"object","body":{"name":"Aashish shrestha","email":"aashishshresth123@gmail.com","password":"A@gmail.1234","confirmPassword":"A@gmail.1234"},"query":{},"params":{}}
2026-07-28T11:19:24.959Z {"event":"sanitizeMiddleware incoming","method":"POST","path":"/api/auth/login","bodyType":"object","body":{"email":"aashishshresth123@gmail.com","password":"A@gmail.1234"},"query":{},"params":{}}
2026-07-28T11:19:25.417Z {"event":"sanitizeMiddleware incoming","method":"GET","path":"/api/auth/session","bodyType":"undefined","query":{},"params":{}}
2026-07-28T11:21:26.215Z {"event":"sanitizeMiddleware incoming","method":"POST","path":"/api/auth/login","bodyType":"object","body":{"password":"A@gmail.1234","email":"aashishshresth123@gmail.com"},"query":{},"params":{}}
2026-07-28T11:21:26.767Z {"event":"sanitizeMiddleware incoming","method":"GET","path":"/api/auth/session","bodyType":"undefined","query":{},"params":{}}
2026-07-28T11:22:26.440Z {"event":"sanitizeMiddleware incoming","method":"POST","path":"/api/auth/login","bodyType":"object","body":{"password":"A@gmail.1234","email":"aashishshresth123@gmail.com"},"query":{},"params":{}}
2026-07-28T11:22:27.077Z {"event":"sanitizeMiddleware incoming","method":"GET","path":"/api/auth/session","bodyType":"undefined","query":{},"params":{}}
2026-07-28T11:23:32.443Z {"event":"sanitizeMiddleware incoming","method":"POST","path":"/api/auth/login","bodyType":"object","body":{"email":"aashishshresth123@gmail.com","password":"A@gmail.1234"},"query":{},"params":{}}
2026-07-28T11:23:32.922Z {"event":"sanitizeMiddleware incoming","method":"GET","path":"/api/auth/session","bodyType":"undefined","query":{},"params":{}}
2026-07-28T11:23:33.015Z {"event":"sanitizeMiddleware incoming","method":"GET","path":"/api/auth/session","bodyType":"undefined","query":{},"params":{}}
2026-07-28T11:23:33.030Z {"event":"sanitizeMiddleware incoming","method":"GET","path":"/api/auth/session","bodyType":"undefined","query":{},"params":{}}
2026-07-28T11:23:33.077Z {"event":"sanitizeMiddleware incoming","method":"GET","path":"/api/auth/session","bodyType":"undefined","query":{},"params":{}}
2026-07-28T11:23:33.080Z {"event":"sanitizeMiddleware incoming","method":"GET","path":"/api/auth/session","bodyType":"undefined","query":{},"params":{}}
2026-07-28T11:23:33.082Z {"event":"sanitizeMiddleware incoming","method":"GET","path":"/api/products","bodyType":"undefined","query":{},"params":{}}
2026-07-28T11:23:33.087Z {"event":"sanitizeMiddleware incoming","method":"GET","path":"/api/products","bodyType":"undefined","query":{},"params":{}}
2026-07-28T11:23:33.088Z {"event":"sanitizeMiddleware incoming","method":"GET","path":"/api/auth/session","bodyType":"undefined","query":{},"params":{}}
2026-07-28T11:23:33.089Z {"event":"sanitizeMiddleware incoming","method":"GET","path":"/api/auth/session","bodyType":"undefined","query":{},"params":{}}
2026-07-28T11:23:33.102Z {"event":"sanitizeMiddleware incoming","method":"GET","path":"/api/products","bodyType":"undefined","query":{},"params":{}}
2026-07-28T11:23:33.104Z {"event":"sanitizeMiddleware incoming","method":"GET","path":"/api/products","bodyType":"undefined","query":{},"params":{}}
2026-07-28T11:23:33.110Z {"event":"sanitizeMiddleware incoming","method":"GET","path":"/api/cart","bodyType":"undefined","query":{},"params":{}}
2026-07-28T11:23:33.121Z {"event":"sanitizeMiddleware incoming","method":"GET","path":"/uploads/1784993168656-7t24kf.jpg","bodyType":"undefined","query":{},"params":{}}
2026-07-28T11:23:33.136Z {"event":"sanitizeMiddleware incoming","method":"GET","path":"/uploads/1785090892750-zubs1w.png","bodyType":"undefined","query":{},"params":{}}
2026-07-28T11:23:33.140Z {"event":"sanitizeMiddleware incoming","method":"GET","path":"/uploads/1785083371202-imifol.jpg","bodyType":"undefined","query":{},"params":{}}
2026-07-28T11:23:33.142Z {"event":"sanitizeMiddleware incoming","method":"GET","path":"/uploads/1784993140796-w2585g.jpg","bodyType":"undefined","query":{},"params":{}}
2026-07-28T11:23:33.144Z {"event":"sanitizeMiddleware incoming","method":"GET","path":"/uploads/1784993110100-h2h1ud.jpg","bodyType":"undefined","query":{},"params":{}}
2026-07-28T11:23:33.146Z {"event":"sanitizeMiddleware incoming","method":"GET","path":"/uploads/1784993085622-40ny9z.jpg","bodyType":"undefined","query":{},"params":{}}
2026-07-28T11:23:35.722Z {"event":"sanitizeMiddleware incoming","method":"GET","path":"/api/auth/session","bodyType":"undefined","query":{},"params":{}}
2026-07-28T11:23:35.724Z {"event":"sanitizeMiddleware incoming","method":"GET","path":"/api/auth/session","bodyType":"undefined","query":{},"params":{}}
2026-07-28T11:23:43.510Z {"event":"sanitizeMiddleware incoming","method":"POST","path":"/api/auth/login","bodyType":"object","body":{"email":"aashishshresth123@gmail.com","password":"A@gmail.1234"},"query":{},"params":{}}
2026-07-28T11:23:43.957Z {"event":"sanitizeMiddleware incoming","method":"GET","path":"/api/auth/session","bodyType":"undefined","query":{},"params":{}}
2026-07-28T11:24:03.036Z {"event":"sanitizeMiddleware incoming","method":"GET","path":"/","bodyType":"undefined","query":{},"params":{}}
2026-07-28T11:24:22.807Z {"event":"sanitizeMiddleware incoming","method":"GET","path":"/","bodyType":"undefined","query":{},"params":{}}
2026-07-28T11:25:07.463Z {"event":"sanitizeMiddleware incoming","method":"POST","path":"/api/auth/login","bodyType":"object","body":{"email":"aashishshresth123@gmail.com","password":"A@gmail.1234"},"query":{},"params":{}}
2026-07-28T11:25:07.909Z {"event":"sanitizeMiddleware incoming","method":"GET","path":"/api/auth/session","bodyType":"undefined","query":{},"params":{}}
2026-07-28T11:25:16.064Z {"event":"sanitizeMiddleware incoming","method":"POST","path":"/api/auth/login","bodyType":"object","body":{"email":"aashishshresth123@gmail.com","password":"A@gmail.1234"},"query":{},"params":{}}
2026-07-28T11:25:16.511Z {"event":"sanitizeMiddleware incoming","method":"GET","path":"/api/auth/session","bodyType":"undefined","query":{},"params":{}}
2026-07-28T11:25:26.364Z {"event":"sanitizeMiddleware incoming","method":"POST","path":"/api/auth/login","bodyType":"object","body":{"email":"aashishshresth123@gmail.com","password":"A@gmail.1234"},"query":{},"params":{}}
2026-07-28T11:25:26.808Z {"event":"sanitizeMiddleware incoming","method":"GET","path":"/api/auth/session","bodyType":"undefined","query":{},"params":{}}
2026-07-28T11:25:57.551Z {"event":"sanitizeMiddleware incoming","method":"POST","path":"/api/auth/login","bodyType":"object","body":{"email":"aashishshresth123@gmail.com","password":"A@gmail.1234"},"query":{},"params":{}}
2026-07-28T11:26:15.134Z {"event":"sanitizeMiddleware incoming","method":"POST","path":"/api/auth/login","bodyType":"object","body":{"email":"aashishshresth123@gmail.com","password":"A@gmail.1234"},"query":{},"params":{}}
2026-07-28T11:26:34.664Z {"event":"sanitizeMiddleware incoming","method":"POST","path":"/api/auth/register","bodyType":"object","body":{"name":"Aashish shrestha","email":"aashishshresth123@gmail.com","password":"A@gmail.1234","confirmPassword":"A@gmail.1234"},"query":{},"params":{}}
2026-07-28T11:26:43.512Z {"event":"sanitizeMiddleware incoming","method":"POST","path":"/api/auth/login","bodyType":"object","body":{"email":"aashishshresth123@gmail.com","password":"A@gmail.1234"},"query":{},"params":{}}
2026-07-28T11:27:26.637Z {"event":"sanitizeMiddleware incoming","method":"POST","path":"/api/auth/register","bodyType":"object","body":{"name":"test","email":"fkasis6969@gmail.com","password":"F@gmail.1234","confirmPassword":"F@gmail.1234"},"query":{},"params":{}}
2026-07-28T11:27:38.865Z {"event":"sanitizeMiddleware incoming","method":"POST","path":"/api/auth/login","bodyType":"object","body":{"email":"fkasis6969@gmail.com","password":"F@gmail.1234"},"query":{},"params":{}}
2026-07-28T11:28:42.592Z {"event":"sanitizeMiddleware incoming","method":"GET","path":"/","bodyType":"undefined","query":{},"params":{}}
2026-07-28T11:30:44.681Z {"event":"sanitizeMiddleware incoming","method":"POST","path":"/api/auth/login","bodyType":"object","body":{"email":"fkasis6969@gmail.com","password":"F@gmail.1234"},"query":{},"params":{}}
2026-07-28T11:30:45.174Z {"event":"sanitizeMiddleware incoming","method":"GET","path":"/api/auth/session","bodyType":"undefined","query":{},"params":{}}
2026-07-28T11:30:45.271Z {"event":"sanitizeMiddleware incoming","method":"GET","path":"/api/auth/session","bodyType":"undefined","query":{},"params":{}}
2026-07-28T11:30:45.274Z {"event":"sanitizeMiddleware incoming","method":"GET","path":"/api/auth/session","bodyType":"undefined","query":{},"params":{}}
2026-07-28T11:30:45.318Z {"event":"sanitizeMiddleware incoming","method":"GET","path":"/api/auth/session","bodyType":"undefined","query":{},"params":{}}
2026-07-28T11:30:45.326Z {"event":"sanitizeMiddleware incoming","method":"GET","path":"/api/auth/session","bodyType":"undefined","query":{},"params":{}}
2026-07-28T11:30:45.330Z {"event":"sanitizeMiddleware incoming","method":"GET","path":"/api/products","bodyType":"undefined","query":{},"params":{}}
2026-07-28T11:30:45.335Z {"event":"sanitizeMiddleware incoming","method":"GET","path":"/api/products","bodyType":"undefined","query":{},"params":{}}
2026-07-28T11:30:45.337Z {"event":"sanitizeMiddleware incoming","method":"GET","path":"/api/auth/session","bodyType":"undefined","query":{},"params":{}}
2026-07-28T11:30:45.339Z {"event":"sanitizeMiddleware incoming","method":"GET","path":"/api/auth/session","bodyType":"undefined","query":{},"params":{}}
2026-07-28T11:30:45.346Z {"event":"sanitizeMiddleware incoming","method":"GET","path":"/api/products","bodyType":"undefined","query":{},"params":{}}
2026-07-28T11:30:45.355Z {"event":"sanitizeMiddleware incoming","method":"GET","path":"/api/products","bodyType":"undefined","query":{},"params":{}}
2026-07-28T11:30:45.360Z {"event":"sanitizeMiddleware incoming","method":"GET","path":"/api/cart","bodyType":"undefined","query":{},"params":{}}
2026-07-28T11:30:45.372Z {"event":"sanitizeMiddleware incoming","method":"GET","path":"/uploads/1784993168656-7t24kf.jpg","bodyType":"undefined","query":{},"params":{}}
2026-07-28T11:30:45.415Z {"event":"sanitizeMiddleware incoming","method":"GET","path":"/uploads/1785090892750-zubs1w.png","bodyType":"undefined","query":{},"params":{}}
2026-07-28T11:30:45.428Z {"event":"sanitizeMiddleware incoming","method":"GET","path":"/uploads/1785083371202-imifol.jpg","bodyType":"undefined","query":{},"params":{}}
2026-07-28T11:30:45.432Z {"event":"sanitizeMiddleware incoming","method":"GET","path":"/uploads/1784993140796-w2585g.jpg","bodyType":"undefined","query":{},"params":{}}
2026-07-28T11:30:45.433Z {"event":"sanitizeMiddleware incoming","method":"GET","path":"/uploads/1784993110100-h2h1ud.jpg","bodyType":"undefined","query":{},"params":{}}
2026-07-28T11:30:45.435Z {"event":"sanitizeMiddleware incoming","method":"GET","path":"/uploads/1784993085622-40ny9z.jpg","bodyType":"undefined","query":{},"params":{}}
2026-07-28T11:30:45.437Z {"event":"sanitizeMiddleware incoming","method":"GET","path":"/api/cart","bodyType":"undefined","query":{},"params":{}}
2026-07-28T11:30:51.091Z {"event":"sanitizeMiddleware incoming","method":"GET","path":"/api/auth/session","bodyType":"undefined","query":{},"params":{}}
2026-07-28T11:30:51.094Z {"event":"sanitizeMiddleware incoming","method":"GET","path":"/api/auth/session","bodyType":"undefined","query":{},"params":{}}
2026-07-28T11:30:51.096Z {"event":"sanitizeMiddleware incoming","method":"GET","path":"/api/auth/session","bodyType":"undefined","query":{},"params":{}}
2026-07-28T11:30:51.099Z {"event":"sanitizeMiddleware incoming","method":"GET","path":"/api/auth/session","bodyType":"undefined","query":{},"params":{}}
2026-07-28T11:30:51.106Z {"event":"sanitizeMiddleware incoming","method":"GET","path":"/api/auth/session","bodyType":"undefined","query":{},"params":{}}
2026-07-28T11:30:51.112Z {"event":"sanitizeMiddleware incoming","method":"GET","path":"/api/auth/session","bodyType":"undefined","query":{},"params":{}}
2026-07-28T11:30:51.124Z {"event":"sanitizeMiddleware incoming","method":"GET","path":"/api/cart","bodyType":"undefined","query":{},"params":{}}
2026-07-28T11:30:51.130Z {"event":"sanitizeMiddleware incoming","method":"GET","path":"/api/favorites","bodyType":"undefined","query":{},"params":{}}
2026-07-28T11:30:51.137Z {"event":"sanitizeMiddleware incoming","method":"GET","path":"/api/cart","bodyType":"undefined","query":{},"params":{}}
2026-07-28T11:30:51.140Z {"event":"sanitizeMiddleware incoming","method":"GET","path":"/api/favorites","bodyType":"undefined","query":{},"params":{}}
2026-07-28T11:30:52.784Z {"event":"sanitizeMiddleware incoming","method":"GET","path":"/api/auth/session","bodyType":"undefined","query":{},"params":{}}
2026-07-28T11:30:52.786Z {"event":"sanitizeMiddleware incoming","method":"GET","path":"/api/auth/session","bodyType":"undefined","query":{},"params":{}}
2026-07-28T11:30:52.812Z {"event":"sanitizeMiddleware incoming","method":"GET","path":"/api/cart","bodyType":"undefined","query":{},"params":{}}
2026-07-28T11:30:52.814Z {"event":"sanitizeMiddleware incoming","method":"GET","path":"/api/cart","bodyType":"undefined","query":{},"params":{}}
2026-07-28T11:30:52.845Z {"event":"sanitizeMiddleware incoming","method":"GET","path":"/api/auth/session","bodyType":"undefined","query":{},"params":{}}
2026-07-28T11:30:52.847Z {"event":"sanitizeMiddleware incoming","method":"GET","path":"/api/auth/session","bodyType":"undefined","query":{},"params":{}}
2026-07-28T11:30:52.849Z {"event":"sanitizeMiddleware incoming","method":"GET","path":"/api/auth/session","bodyType":"undefined","query":{},"params":{}}
2026-07-28T11:30:52.852Z {"event":"sanitizeMiddleware incoming","method":"GET","path":"/api/auth/session","bodyType":"undefined","query":{},"params":{}}
2026-07-28T11:30:52.871Z {"event":"sanitizeMiddleware incoming","method":"GET","path":"/api/cart","bodyType":"undefined","query":{},"params":{}}
2026-07-28T11:30:52.913Z {"event":"sanitizeMiddleware incoming","method":"GET","path":"/api/cart","bodyType":"undefined","query":{},"params":{}}
2026-07-28T11:30:55.063Z {"event":"sanitizeMiddleware incoming","method":"GET","path":"/api/auth/session","bodyType":"undefined","query":{},"params":{}}
2026-07-28T11:30:55.065Z {"event":"sanitizeMiddleware incoming","method":"GET","path":"/api/auth/session","bodyType":"undefined","query":{},"params":{}}
2026-07-28T11:30:55.108Z {"event":"sanitizeMiddleware incoming","method":"GET","path":"/api/auth/session","bodyType":"undefined","query":{},"params":{}}
2026-07-28T11:30:55.110Z {"event":"sanitizeMiddleware incoming","method":"GET","path":"/api/auth/session","bodyType":"undefined","query":{},"params":{}}
2026-07-28T11:30:55.111Z {"event":"sanitizeMiddleware incoming","method":"GET","path":"/api/auth/session","bodyType":"undefined","query":{},"params":{}}
2026-07-28T11:30:55.113Z {"event":"sanitizeMiddleware incoming","method":"GET","path":"/api/auth/session","bodyType":"undefined","query":{},"params":{}}
2026-07-28T11:30:55.115Z {"event":"sanitizeMiddleware incoming","method":"GET","path":"/api/auth/session","bodyType":"undefined","query":{},"params":{}}
2026-07-28T11:30:55.118Z {"event":"sanitizeMiddleware incoming","method":"GET","path":"/api/auth/session","bodyType":"undefined","query":{},"params":{}}
2026-07-28T11:30:55.156Z {"event":"sanitizeMiddleware incoming","method":"GET","path":"/api/cart","bodyType":"undefined","query":{},"params":{}}
2026-07-28T11:30:55.159Z {"event":"sanitizeMiddleware incoming","method":"GET","path":"/api/auth/6a68921f5adc5cb9d7a4be4c","bodyType":"undefined","query":{},"params":{}}
2026-07-28T11:30:55.167Z {"event":"sanitizeMiddleware incoming","method":"GET","path":"/api/cart","bodyType":"undefined","query":{},"params":{}}
2026-07-28T11:30:55.170Z {"event":"sanitizeMiddleware incoming","method":"GET","path":"/api/auth/6a68921f5adc5cb9d7a4be4c","bodyType":"undefined","query":{},"params":{}}
2026-07-28T11:30:59.296Z {"event":"sanitizeMiddleware incoming","method":"GET","path":"/api/auth/session","bodyType":"undefined","query":{},"params":{}}
2026-07-28T11:30:59.297Z {"event":"sanitizeMiddleware incoming","method":"GET","path":"/api/auth/session","bodyType":"undefined","query":{},"params":{}}
2026-07-28T11:30:59.344Z {"event":"sanitizeMiddleware incoming","method":"GET","path":"/api/auth/session","bodyType":"undefined","query":{},"params":{}}
2026-07-28T11:30:59.346Z {"event":"sanitizeMiddleware incoming","method":"GET","path":"/api/auth/session","bodyType":"undefined","query":{},"params":{}}
2026-07-28T11:30:59.347Z {"event":"sanitizeMiddleware incoming","method":"GET","path":"/api/auth/session","bodyType":"undefined","query":{},"params":{}}
2026-07-28T11:30:59.349Z {"event":"sanitizeMiddleware incoming","method":"GET","path":"/api/products","bodyType":"undefined","query":{},"params":{}}
2026-07-28T11:30:59.352Z {"event":"sanitizeMiddleware incoming","method":"GET","path":"/api/products","bodyType":"undefined","query":{},"params":{}}
2026-07-28T11:30:59.355Z {"event":"sanitizeMiddleware incoming","method":"GET","path":"/api/auth/session","bodyType":"undefined","query":{},"params":{}}
2026-07-28T11:30:59.372Z {"event":"sanitizeMiddleware incoming","method":"GET","path":"/api/products","bodyType":"undefined","query":{},"params":{}}
2026-07-28T11:30:59.374Z {"event":"sanitizeMiddleware incoming","method":"GET","path":"/api/products","bodyType":"undefined","query":{},"params":{}}
2026-07-28T11:30:59.385Z {"event":"sanitizeMiddleware incoming","method":"GET","path":"/api/cart","bodyType":"undefined","query":{},"params":{}}
2026-07-28T11:30:59.390Z {"event":"sanitizeMiddleware incoming","method":"GET","path":"/api/cart","bodyType":"undefined","query":{},"params":{}}
2026-07-28T11:30:59.393Z {"event":"sanitizeMiddleware incoming","method":"GET","path":"/uploads/1784993168656-7t24kf.jpg","bodyType":"undefined","query":{},"params":{}}
2026-07-28T11:30:59.408Z {"event":"sanitizeMiddleware incoming","method":"GET","path":"/uploads/1785090892750-zubs1w.png","bodyType":"undefined","query":{},"params":{}}
2026-07-28T11:30:59.410Z {"event":"sanitizeMiddleware incoming","method":"GET","path":"/uploads/1785083371202-imifol.jpg","bodyType":"undefined","query":{},"params":{}}
2026-07-28T11:30:59.410Z {"event":"sanitizeMiddleware incoming","method":"GET","path":"/uploads/1784993140796-w2585g.jpg","bodyType":"undefined","query":{},"params":{}}
2026-07-28T11:30:59.411Z {"event":"sanitizeMiddleware incoming","method":"GET","path":"/uploads/1784993110100-h2h1ud.jpg","bodyType":"undefined","query":{},"params":{}}
2026-07-28T11:30:59.418Z {"event":"sanitizeMiddleware incoming","method":"GET","path":"/uploads/1784993085622-40ny9z.jpg","bodyType":"undefined","query":{},"params":{}}
2026-07-28T11:31:03.449Z {"event":"sanitizeMiddleware incoming","method":"POST","path":"/api/auth/logout","bodyType":"undefined","query":{},"params":{}}
2026-07-28T11:31:14.453Z {"event":"sanitizeMiddleware incoming","method":"POST","path":"/api/auth/login","bodyType":"object","body":{"email":"admin@local.com","password":"12345678"},"query":{},"params":{}}
2026-07-28T11:31:14.583Z {"event":"sanitizeMiddleware incoming","method":"GET","path":"/api/auth/session","bodyType":"undefined","query":{},"params":{}}
2026-07-28T11:31:14.819Z {"event":"sanitizeMiddleware incoming","method":"GET","path":"/api/auth/session","bodyType":"undefined","query":{},"params":{}}
2026-07-28T11:31:14.825Z {"event":"sanitizeMiddleware incoming","method":"GET","path":"/api/auth/session","bodyType":"undefined","query":{},"params":{}}
2026-07-28T11:31:14.870Z {"event":"sanitizeMiddleware incoming","method":"GET","path":"/api/admin/users","bodyType":"undefined","query":{},"params":{}}
2026-07-28T11:31:18.680Z {"event":"sanitizeMiddleware incoming","method":"GET","path":"/api/auth/session","bodyType":"undefined","query":{},"params":{}}
2026-07-28T11:31:18.684Z {"event":"sanitizeMiddleware incoming","method":"GET","path":"/api/auth/session","bodyType":"undefined","query":{},"params":{}}
2026-07-28T11:31:18.728Z {"event":"sanitizeMiddleware incoming","method":"GET","path":"/api/admin/products","bodyType":"undefined","query":{},"params":{}}
2026-07-28T11:31:18.732Z {"event":"sanitizeMiddleware incoming","method":"GET","path":"/api/admin/products","bodyType":"undefined","query":{},"params":{}}
2026-07-28T11:31:18.769Z {"event":"sanitizeMiddleware incoming","method":"GET","path":"/uploads/1785090892750-zubs1w.png","bodyType":"undefined","query":{},"params":{}}
2026-07-28T11:31:18.770Z {"event":"sanitizeMiddleware incoming","method":"GET","path":"/uploads/1785083371202-imifol.jpg","bodyType":"undefined","query":{},"params":{}}
2026-07-28T11:31:18.771Z {"event":"sanitizeMiddleware incoming","method":"GET","path":"/uploads/1784993168656-7t24kf.jpg","bodyType":"undefined","query":{},"params":{}}
2026-07-28T11:31:18.772Z {"event":"sanitizeMiddleware incoming","method":"GET","path":"/uploads/1784993140796-w2585g.jpg","bodyType":"undefined","query":{},"params":{}}
2026-07-28T11:31:18.772Z {"event":"sanitizeMiddleware incoming","method":"GET","path":"/uploads/1784993110100-h2h1ud.jpg","bodyType":"undefined","query":{},"params":{}}
2026-07-28T11:31:18.773Z {"event":"sanitizeMiddleware incoming","method":"GET","path":"/uploads/1784993085622-40ny9z.jpg","bodyType":"undefined","query":{},"params":{}}
2026-07-28T11:31:20.384Z {"event":"sanitizeMiddleware incoming","method":"GET","path":"/api/auth/session","bodyType":"undefined","query":{},"params":{}}
2026-07-28T11:31:20.388Z {"event":"sanitizeMiddleware incoming","method":"GET","path":"/api/auth/session","bodyType":"undefined","query":{},"params":{}}
2026-07-28T11:31:20.424Z {"event":"sanitizeMiddleware incoming","method":"GET","path":"/api/activity","bodyType":"undefined","query":{},"params":{}}
2026-07-28T11:31:20.427Z {"event":"sanitizeMiddleware incoming","method":"GET","path":"/api/activity","bodyType":"undefined","query":{},"params":{}}
2026-07-28T11:31:23.841Z {"event":"sanitizeMiddleware incoming","method":"GET","path":"/api/auth/session","bodyType":"undefined","query":{},"params":{}}
2026-07-28T11:31:23.843Z {"event":"sanitizeMiddleware incoming","method":"GET","path":"/api/auth/session","bodyType":"undefined","query":{},"params":{}}
2026-07-28T11:31:23.873Z {"event":"sanitizeMiddleware incoming","method":"GET","path":"/api/admin/users","bodyType":"undefined","query":{},"params":{}}
2026-07-28T11:31:38.766Z {"event":"sanitizeMiddleware incoming","method":"POST","path":"/api/auth/login","bodyType":"object","body":{"email":"aashishshresth123@gmail.com","password":"A@gmail.1234"},"query":{},"params":{}}
2026-07-28T11:31:39.219Z {"event":"sanitizeMiddleware incoming","method":"GET","path":"/api/auth/session","bodyType":"undefined","query":{},"params":{}}
2026-07-28T11:31:39.295Z {"event":"sanitizeMiddleware incoming","method":"GET","path":"/api/auth/session","bodyType":"undefined","query":{},"params":{}}
2026-07-28T11:31:39.296Z {"event":"sanitizeMiddleware incoming","method":"GET","path":"/api/auth/session","bodyType":"undefined","query":{},"params":{}}
2026-07-28T11:31:39.358Z {"event":"sanitizeMiddleware incoming","method":"GET","path":"/api/auth/session","bodyType":"undefined","query":{},"params":{}}
2026-07-28T11:31:39.360Z {"event":"sanitizeMiddleware incoming","method":"GET","path":"/api/auth/session","bodyType":"undefined","query":{},"params":{}}
2026-07-28T11:31:39.363Z {"event":"sanitizeMiddleware incoming","method":"GET","path":"/api/products","bodyType":"undefined","query":{},"params":{}}
2026-07-28T11:31:39.366Z {"event":"sanitizeMiddleware incoming","method":"GET","path":"/api/products","bodyType":"undefined","query":{},"params":{}}
2026-07-28T11:31:39.369Z {"event":"sanitizeMiddleware incoming","method":"GET","path":"/api/auth/session","bodyType":"undefined","query":{},"params":{}}
2026-07-28T11:31:39.377Z {"event":"sanitizeMiddleware incoming","method":"GET","path":"/api/auth/session","bodyType":"undefined","query":{},"params":{}}
2026-07-28T11:31:39.390Z {"event":"sanitizeMiddleware incoming","method":"GET","path":"/api/products","bodyType":"undefined","query":{},"params":{}}
2026-07-28T11:31:39.401Z {"event":"sanitizeMiddleware incoming","method":"GET","path":"/api/products","bodyType":"undefined","query":{},"params":{}}
2026-07-28T11:31:39.407Z {"event":"sanitizeMiddleware incoming","method":"GET","path":"/api/cart","bodyType":"undefined","query":{},"params":{}}
2026-07-28T11:31:39.409Z {"event":"sanitizeMiddleware incoming","method":"GET","path":"/uploads/1784993168656-7t24kf.jpg","bodyType":"undefined","query":{},"params":{}}
2026-07-28T11:31:39.417Z {"event":"sanitizeMiddleware incoming","method":"GET","path":"/api/cart","bodyType":"undefined","query":{},"params":{}}
2026-07-28T11:31:39.423Z {"event":"sanitizeMiddleware incoming","method":"GET","path":"/uploads/1785090892750-zubs1w.png","bodyType":"undefined","query":{},"params":{}}
2026-07-28T11:31:39.424Z {"event":"sanitizeMiddleware incoming","method":"GET","path":"/uploads/1784993140796-w2585g.jpg","bodyType":"undefined","query":{},"params":{}}
2026-07-28T11:31:39.425Z {"event":"sanitizeMiddleware incoming","method":"GET","path":"/uploads/1785083371202-imifol.jpg","bodyType":"undefined","query":{},"params":{}}
2026-07-28T11:31:39.435Z {"event":"sanitizeMiddleware incoming","method":"GET","path":"/uploads/1784993110100-h2h1ud.jpg","bodyType":"undefined","query":{},"params":{}}
2026-07-28T11:31:39.437Z {"event":"sanitizeMiddleware incoming","method":"GET","path":"/uploads/1784993085622-40ny9z.jpg","bodyType":"undefined","query":{},"params":{}}
2026-07-28T11:31:42.257Z {"event":"sanitizeMiddleware incoming","method":"GET","path":"/api/auth/session","bodyType":"undefined","query":{},"params":{}}
2026-07-28T11:31:42.259Z {"event":"sanitizeMiddleware incoming","method":"GET","path":"/api/auth/session","bodyType":"undefined","query":{},"params":{}}
2026-07-28T11:31:42.290Z {"event":"sanitizeMiddleware incoming","method":"GET","path":"/api/auth/session","bodyType":"undefined","query":{},"params":{}}
2026-07-28T11:31:42.295Z {"event":"sanitizeMiddleware incoming","method":"GET","path":"/api/auth/session","bodyType":"undefined","query":{},"params":{}}
2026-07-28T11:31:42.303Z {"event":"sanitizeMiddleware incoming","method":"GET","path":"/api/auth/session","bodyType":"undefined","query":{},"params":{}}
2026-07-28T11:31:42.305Z {"event":"sanitizeMiddleware incoming","method":"GET","path":"/api/auth/session","bodyType":"undefined","query":{},"params":{}}
2026-07-28T11:31:42.307Z {"event":"sanitizeMiddleware incoming","method":"GET","path":"/api/auth/session","bodyType":"undefined","query":{},"params":{}}
2026-07-28T11:31:42.310Z {"event":"sanitizeMiddleware incoming","method":"GET","path":"/api/auth/session","bodyType":"undefined","query":{},"params":{}}
2026-07-28T11:31:42.318Z {"event":"sanitizeMiddleware incoming","method":"GET","path":"/api/cart","bodyType":"undefined","query":{},"params":{}}
2026-07-28T11:31:42.329Z {"event":"sanitizeMiddleware incoming","method":"GET","path":"/api/auth/6a6891eb5adc5cb9d7a4be48","bodyType":"undefined","query":{},"params":{}}
2026-07-28T11:31:42.333Z {"event":"sanitizeMiddleware incoming","method":"GET","path":"/api/cart","bodyType":"undefined","query":{},"params":{}}
2026-07-28T11:31:42.342Z {"event":"sanitizeMiddleware incoming","method":"GET","path":"/api/auth/6a6891eb5adc5cb9d7a4be48","bodyType":"undefined","query":{},"params":{}}
2026-07-28T11:32:12.779Z {"event":"sanitizeMiddleware incoming","method":"GET","path":"/api/auth/session","bodyType":"undefined","query":{},"params":{}}
2026-07-28T11:32:13.190Z {"event":"sanitizeMiddleware incoming","method":"GET","path":"/api/auth/session","bodyType":"undefined","query":{},"params":{}}
2026-07-28T11:32:13.208Z {"event":"sanitizeMiddleware incoming","method":"GET","path":"/api/auth/session","bodyType":"undefined","query":{},"params":{}}
2026-07-28T11:32:13.210Z {"event":"sanitizeMiddleware incoming","method":"GET","path":"/api/auth/session","bodyType":"undefined","query":{},"params":{}}
2026-07-28T11:32:13.216Z {"event":"sanitizeMiddleware incoming","method":"GET","path":"/api/auth/session","bodyType":"undefined","query":{},"params":{}}
2026-07-28T11:32:13.218Z {"event":"sanitizeMiddleware incoming","method":"GET","path":"/api/auth/session","bodyType":"undefined","query":{},"params":{}}
2026-07-28T11:32:13.221Z {"event":"sanitizeMiddleware incoming","method":"GET","path":"/api/auth/session","bodyType":"undefined","query":{},"params":{}}
2026-07-28T11:32:13.973Z {"event":"sanitizeMiddleware incoming","method":"GET","path":"/api/cart","bodyType":"undefined","query":{},"params":{}}
2026-07-28T11:32:13.977Z {"event":"sanitizeMiddleware incoming","method":"GET","path":"/api/auth/6a6891eb5adc5cb9d7a4be48","bodyType":"undefined","query":{},"params":{}}
2026-07-28T11:32:13.979Z {"event":"sanitizeMiddleware incoming","method":"GET","path":"/api/cart","bodyType":"undefined","query":{},"params":{}}
2026-07-28T11:32:13.981Z {"event":"sanitizeMiddleware incoming","method":"GET","path":"/api/auth/6a6891eb5adc5cb9d7a4be48","bodyType":"undefined","query":{},"params":{}}
2026-07-28T11:32:17.741Z {"event":"sanitizeMiddleware incoming","method":"POST","path":"/api/auth/mfa/setup","bodyType":"undefined","query":{},"params":{}}
2026-07-28T11:32:23.103Z {"event":"sanitizeMiddleware incoming","method":"POST","path":"/api/auth/mfa/setup","bodyType":"undefined","query":{},"params":{}}
2026-07-28T11:32:39.459Z {"event":"sanitizeMiddleware incoming","method":"POST","path":"/api/auth/logout","bodyType":"undefined","query":{},"params":{}}
2026-07-28T11:32:47.756Z {"event":"sanitizeMiddleware incoming","method":"POST","path":"/api/auth/login","bodyType":"object","body":{"email":"aashishshresth123@gmail.com","password":"A@gmail.1234"},"query":{},"params":{}}
2026-07-28T11:32:48.206Z {"event":"sanitizeMiddleware incoming","method":"GET","path":"/api/auth/session","bodyType":"undefined","query":{},"params":{}}
2026-07-28T11:32:48.301Z {"event":"sanitizeMiddleware incoming","method":"GET","path":"/api/auth/session","bodyType":"undefined","query":{},"params":{}}
2026-07-28T11:32:48.306Z {"event":"sanitizeMiddleware incoming","method":"GET","path":"/api/auth/session","bodyType":"undefined","query":{},"params":{}}
2026-07-28T11:32:48.346Z {"event":"sanitizeMiddleware incoming","method":"GET","path":"/api/auth/session","bodyType":"undefined","query":{},"params":{}}
2026-07-28T11:32:48.349Z {"event":"sanitizeMiddleware incoming","method":"GET","path":"/api/auth/session","bodyType":"undefined","query":{},"params":{}}
2026-07-28T11:32:48.351Z {"event":"sanitizeMiddleware incoming","method":"GET","path":"/api/products","bodyType":"undefined","query":{},"params":{}}
2026-07-28T11:32:48.353Z {"event":"sanitizeMiddleware incoming","method":"GET","path":"/api/products","bodyType":"undefined","query":{},"params":{}}
2026-07-28T11:32:48.354Z {"event":"sanitizeMiddleware incoming","method":"GET","path":"/api/auth/session","bodyType":"undefined","query":{},"params":{}}
2026-07-28T11:32:48.356Z {"event":"sanitizeMiddleware incoming","method":"GET","path":"/api/auth/session","bodyType":"undefined","query":{},"params":{}}
2026-07-28T11:32:48.375Z {"event":"sanitizeMiddleware incoming","method":"GET","path":"/api/products","bodyType":"undefined","query":{},"params":{}}
2026-07-28T11:32:48.384Z {"event":"sanitizeMiddleware incoming","method":"GET","path":"/api/products","bodyType":"undefined","query":{},"params":{}}
2026-07-28T11:32:48.386Z {"event":"sanitizeMiddleware incoming","method":"GET","path":"/api/cart","bodyType":"undefined","query":{},"params":{}}
2026-07-28T11:32:48.419Z {"event":"sanitizeMiddleware incoming","method":"GET","path":"/api/cart","bodyType":"undefined","query":{},"params":{}}
2026-07-28T11:32:48.428Z {"event":"sanitizeMiddleware incoming","method":"GET","path":"/uploads/1784993168656-7t24kf.jpg","bodyType":"undefined","query":{},"params":{}}
2026-07-28T11:32:48.446Z {"event":"sanitizeMiddleware incoming","method":"GET","path":"/uploads/1785090892750-zubs1w.png","bodyType":"undefined","query":{},"params":{}}
2026-07-28T11:32:48.449Z {"event":"sanitizeMiddleware incoming","method":"GET","path":"/uploads/1785083371202-imifol.jpg","bodyType":"undefined","query":{},"params":{}}
2026-07-28T11:32:48.450Z {"event":"sanitizeMiddleware incoming","method":"GET","path":"/uploads/1784993140796-w2585g.jpg","bodyType":"undefined","query":{},"params":{}}
2026-07-28T11:32:48.452Z {"event":"sanitizeMiddleware incoming","method":"GET","path":"/uploads/1784993110100-h2h1ud.jpg","bodyType":"undefined","query":{},"params":{}}
2026-07-28T11:32:48.454Z {"event":"sanitizeMiddleware incoming","method":"GET","path":"/uploads/1784993085622-40ny9z.jpg","bodyType":"undefined","query":{},"params":{}}
2026-07-28T11:32:49.623Z {"event":"sanitizeMiddleware incoming","method":"GET","path":"/api/auth/session","bodyType":"undefined","query":{},"params":{}}
2026-07-28T11:32:49.625Z {"event":"sanitizeMiddleware incoming","method":"GET","path":"/api/auth/session","bodyType":"undefined","query":{},"params":{}}
2026-07-28T11:32:49.676Z {"event":"sanitizeMiddleware incoming","method":"GET","path":"/api/auth/session","bodyType":"undefined","query":{},"params":{}}
2026-07-28T11:32:49.679Z {"event":"sanitizeMiddleware incoming","method":"GET","path":"/api/auth/session","bodyType":"undefined","query":{},"params":{}}
2026-07-28T11:32:49.680Z {"event":"sanitizeMiddleware incoming","method":"GET","path":"/api/auth/session","bodyType":"undefined","query":{},"params":{}}
2026-07-28T11:32:49.682Z {"event":"sanitizeMiddleware incoming","method":"GET","path":"/api/auth/session","bodyType":"undefined","query":{},"params":{}}
2026-07-28T11:32:49.683Z {"event":"sanitizeMiddleware incoming","method":"GET","path":"/api/auth/session","bodyType":"undefined","query":{},"params":{}}
2026-07-28T11:32:49.685Z {"event":"sanitizeMiddleware incoming","method":"GET","path":"/api/auth/session","bodyType":"undefined","query":{},"params":{}}
2026-07-28T11:32:49.709Z {"event":"sanitizeMiddleware incoming","method":"GET","path":"/api/cart","bodyType":"undefined","query":{},"params":{}}
2026-07-28T11:32:49.722Z {"event":"sanitizeMiddleware incoming","method":"GET","path":"/api/auth/6a6891eb5adc5cb9d7a4be48","bodyType":"undefined","query":{},"params":{}}
2026-07-28T11:32:49.724Z {"event":"sanitizeMiddleware incoming","method":"GET","path":"/api/auth/6a6891eb5adc5cb9d7a4be48","bodyType":"undefined","query":{},"params":{}}
2026-07-28T11:32:49.726Z {"event":"sanitizeMiddleware incoming","method":"GET","path":"/api/cart","bodyType":"undefined","query":{},"params":{}}
2026-07-28T11:32:50.972Z {"event":"sanitizeMiddleware incoming","method":"POST","path":"/api/auth/mfa/setup","bodyType":"undefined","query":{},"params":{}}
2026-07-28T11:45:35.504Z {"event":"sanitizeMiddleware incoming","method":"GET","path":"/","bodyType":"undefined","query":{},"params":{}}
2026-07-28T11:46:03.106Z {"event":"sanitizeMiddleware incoming","method":"GET","path":"/api/auth/session","bodyType":"undefined","query":{},"params":{}}
2026-07-28T11:46:03.566Z {"event":"sanitizeMiddleware incoming","method":"GET","path":"/api/auth/session","bodyType":"undefined","query":{},"params":{}}
2026-07-28T11:46:03.571Z {"event":"sanitizeMiddleware incoming","method":"GET","path":"/api/auth/session","bodyType":"undefined","query":{},"params":{}}
2026-07-28T11:46:03.575Z {"event":"sanitizeMiddleware incoming","method":"GET","path":"/api/auth/session","bodyType":"undefined","query":{},"params":{}}
2026-07-28T11:46:03.580Z {"event":"sanitizeMiddleware incoming","method":"GET","path":"/api/auth/session","bodyType":"undefined","query":{},"params":{}}
2026-07-28T11:46:03.583Z {"event":"sanitizeMiddleware incoming","method":"GET","path":"/api/auth/session","bodyType":"undefined","query":{},"params":{}}
2026-07-28T11:46:03.585Z {"event":"sanitizeMiddleware incoming","method":"GET","path":"/api/auth/session","bodyType":"undefined","query":{},"params":{}}
2026-07-28T11:46:03.668Z {"event":"sanitizeMiddleware incoming","method":"GET","path":"/api/cart","bodyType":"undefined","query":{},"params":{}}
2026-07-28T11:46:03.672Z {"event":"sanitizeMiddleware incoming","method":"GET","path":"/api/auth/6a6891eb5adc5cb9d7a4be48","bodyType":"undefined","query":{},"params":{}}
2026-07-28T11:46:03.681Z {"event":"sanitizeMiddleware incoming","method":"GET","path":"/api/cart","bodyType":"undefined","query":{},"params":{}}
2026-07-28T11:46:03.689Z {"event":"sanitizeMiddleware incoming","method":"GET","path":"/api/auth/6a6891eb5adc5cb9d7a4be48","bodyType":"undefined","query":{},"params":{}}
2026-07-28T11:46:05.087Z {"event":"sanitizeMiddleware incoming","method":"POST","path":"/api/auth/mfa/setup","bodyType":"undefined","query":{},"params":{}}
2026-07-28T11:46:25.836Z {"event":"sanitizeMiddleware incoming","method":"POST","path":"/api/auth/mfa/setup/verify","bodyType":"object","body":{"challengeToken":"eyJhbGciOiJIUzI1NiIsInR5cCI6IkpXVCJ9.eyJzdWIiOiI2YTY4OTFlYjVhZGM1Y2I5ZDdhNGJlNDgiLCJzY29wZSI6Im1mYV9zZXR1cCIsImNpZCI6ImQwYTJjYmYwYTQxNzIwNzQ2NWE4ZGUwNDVkNjcwZWFiIiwic3YiOjAsImlhdCI6MTc4NTIzOTE2OCwiZXhwIjoxNzg1MjM5NDY4fQ.hZFvfiess4SYjZc1TwJT9GcgVqmg5drKEo8wj8Q-FIo","code":"548806"},"query":{},"params":{}}
2026-07-28T11:46:45.709Z {"event":"sanitizeMiddleware incoming","method":"POST","path":"/api/auth/logout","bodyType":"undefined","query":{},"params":{}}
2026-07-28T11:46:56.772Z {"event":"sanitizeMiddleware incoming","method":"POST","path":"/api/auth/login","bodyType":"object","body":{"email":"Aashishshresth123@gmail.com","password":"A@gmail.1234"},"query":{},"params":{}}
2026-07-28T11:47:09.472Z {"event":"sanitizeMiddleware incoming","method":"POST","path":"/api/auth/mfa/login/verify","bodyType":"object","body":{"challengeToken":"eyJhbGciOiJIUzI1NiIsInR5cCI6IkpXVCJ9.eyJzdWIiOiI2YTY4OTFlYjVhZGM1Y2I5ZDdhNGJlNDgiLCJzY29wZSI6Im1mYV9sb2dpbiIsImNpZCI6IjliZWM4MzNkZTY1ZjNkMTc4MTNlMjc0Y2FiNzFiMjY5Iiwic3YiOjAsImlhdCI6MTc4NTIzOTIyMCwiZXhwIjoxNzg1MjM5NTIwfQ.Bdskm5K8dlBOOtS8YDlaKM1s9haWLK79dm4WboiGU0o","code":"77C1-EEF0 9349-430E F85F-4308 1107-26A9 4FF3-DC2D 41FB-6101 CA9B-9FBF 0387-CBA3"},"query":{},"params":{}}
2026-07-28T11:47:27.162Z {"event":"sanitizeMiddleware incoming","method":"POST","path":"/api/auth/mfa/login/verify","bodyType":"object","body":{"challengeToken":"eyJhbGciOiJIUzI1NiIsInR5cCI6IkpXVCJ9.eyJzdWIiOiI2YTY4OTFlYjVhZGM1Y2I5ZDdhNGJlNDgiLCJzY29wZSI6Im1mYV9sb2dpbiIsImNpZCI6IjliZWM4MzNkZTY1ZjNkMTc4MTNlMjc0Y2FiNzFiMjY5Iiwic3YiOjAsImlhdCI6MTc4NTIzOTIyMCwiZXhwIjoxNzg1MjM5NTIwfQ.Bdskm5K8dlBOOtS8YDlaKM1s9haWLK79dm4WboiGU0o","code":"515710"},"query":{},"params":{}}
2026-07-28T11:47:27.186Z {"event":"sanitizeMiddleware incoming","method":"GET","path":"/api/auth/session","bodyType":"undefined","query":{},"params":{}}
2026-07-28T11:47:27.288Z {"event":"sanitizeMiddleware incoming","method":"GET","path":"/api/auth/session","bodyType":"undefined","query":{},"params":{}}
2026-07-28T11:47:27.290Z {"event":"sanitizeMiddleware incoming","method":"GET","path":"/api/auth/session","bodyType":"undefined","query":{},"params":{}}
2026-07-28T11:47:27.334Z {"event":"sanitizeMiddleware incoming","method":"GET","path":"/api/auth/session","bodyType":"undefined","query":{},"params":{}}
2026-07-28T11:47:27.336Z {"event":"sanitizeMiddleware incoming","method":"GET","path":"/api/auth/session","bodyType":"undefined","query":{},"params":{}}
2026-07-28T11:47:27.338Z {"event":"sanitizeMiddleware incoming","method":"GET","path":"/api/products","bodyType":"undefined","query":{},"params":{}}
2026-07-28T11:47:27.343Z {"event":"sanitizeMiddleware incoming","method":"GET","path":"/api/products","bodyType":"undefined","query":{},"params":{}}
2026-07-28T11:47:27.346Z {"event":"sanitizeMiddleware incoming","method":"GET","path":"/api/auth/session","bodyType":"undefined","query":{},"params":{}}
2026-07-28T11:47:27.354Z {"event":"sanitizeMiddleware incoming","method":"GET","path":"/api/auth/session","bodyType":"undefined","query":{},"params":{}}
2026-07-28T11:47:27.365Z {"event":"sanitizeMiddleware incoming","method":"GET","path":"/api/products","bodyType":"undefined","query":{},"params":{}}
2026-07-28T11:47:27.371Z {"event":"sanitizeMiddleware incoming","method":"GET","path":"/api/products","bodyType":"undefined","query":{},"params":{}}
2026-07-28T11:47:27.380Z {"event":"sanitizeMiddleware incoming","method":"GET","path":"/api/cart","bodyType":"undefined","query":{},"params":{}}
2026-07-28T11:47:27.385Z {"event":"sanitizeMiddleware incoming","method":"GET","path":"/uploads/1784993168656-7t24kf.jpg","bodyType":"undefined","query":{},"params":{}}
2026-07-28T11:47:27.393Z {"event":"sanitizeMiddleware incoming","method":"GET","path":"/uploads/1785090892750-zubs1w.png","bodyType":"undefined","query":{},"params":{}}
2026-07-28T11:47:27.399Z {"event":"sanitizeMiddleware incoming","method":"GET","path":"/uploads/1785083371202-imifol.jpg","bodyType":"undefined","query":{},"params":{}}
2026-07-28T11:47:27.403Z {"event":"sanitizeMiddleware incoming","method":"GET","path":"/api/cart","bodyType":"undefined","query":{},"params":{}}
2026-07-28T11:47:27.405Z {"event":"sanitizeMiddleware incoming","method":"GET","path":"/uploads/1784993140796-w2585g.jpg","bodyType":"undefined","query":{},"params":{}}
2026-07-28T11:47:27.435Z {"event":"sanitizeMiddleware incoming","method":"GET","path":"/uploads/1784993110100-h2h1ud.jpg","bodyType":"undefined","query":{},"params":{}}
2026-07-28T11:47:27.439Z {"event":"sanitizeMiddleware incoming","method":"GET","path":"/uploads/1784993085622-40ny9z.jpg","bodyType":"undefined","query":{},"params":{}}
2026-07-28T11:47:32.856Z {"event":"sanitizeMiddleware incoming","method":"GET","path":"/api/auth/session","bodyType":"undefined","query":{},"params":{}}
2026-07-28T11:47:32.858Z {"event":"sanitizeMiddleware incoming","method":"GET","path":"/api/auth/session","bodyType":"undefined","query":{},"params":{}}
2026-07-28T11:47:32.906Z {"event":"sanitizeMiddleware incoming","method":"GET","path":"/api/auth/session","bodyType":"undefined","query":{},"params":{}}
2026-07-28T11:47:32.908Z {"event":"sanitizeMiddleware incoming","method":"GET","path":"/api/auth/session","bodyType":"undefined","query":{},"params":{}}
2026-07-28T11:47:32.909Z {"event":"sanitizeMiddleware incoming","method":"GET","path":"/api/auth/session","bodyType":"undefined","query":{},"params":{}}
2026-07-28T11:47:32.910Z {"event":"sanitizeMiddleware incoming","method":"GET","path":"/api/auth/session","bodyType":"undefined","query":{},"params":{}}
2026-07-28T11:47:32.913Z {"event":"sanitizeMiddleware incoming","method":"GET","path":"/api/auth/session","bodyType":"undefined","query":{},"params":{}}
2026-07-28T11:47:32.916Z {"event":"sanitizeMiddleware incoming","method":"GET","path":"/api/auth/session","bodyType":"undefined","query":{},"params":{}}
2026-07-28T11:47:32.931Z {"event":"sanitizeMiddleware incoming","method":"GET","path":"/api/cart","bodyType":"undefined","query":{},"params":{}}
2026-07-28T11:47:32.951Z {"event":"sanitizeMiddleware incoming","method":"GET","path":"/api/auth/6a6891eb5adc5cb9d7a4be48","bodyType":"undefined","query":{},"params":{}}
2026-07-28T11:47:32.953Z {"event":"sanitizeMiddleware incoming","method":"GET","path":"/api/cart","bodyType":"undefined","query":{},"params":{}}
2026-07-28T11:47:32.954Z {"event":"sanitizeMiddleware incoming","method":"GET","path":"/api/auth/6a6891eb5adc5cb9d7a4be48","bodyType":"undefined","query":{},"params":{}}
2026-07-28T11:47:39.826Z {"event":"sanitizeMiddleware incoming","method":"POST","path":"/api/auth/logout-all","bodyType":"undefined","query":{},"params":{}}
2026-07-28T11:47:47.735Z {"event":"sanitizeMiddleware incoming","method":"POST","path":"/api/auth/login","bodyType":"object","body":{"email":"admin@local.com","password":"12345678"},"query":{},"params":{}}
2026-07-28T11:47:47.864Z {"event":"sanitizeMiddleware incoming","method":"GET","path":"/api/auth/session","bodyType":"undefined","query":{},"params":{}}
2026-07-28T11:47:47.971Z {"event":"sanitizeMiddleware incoming","method":"GET","path":"/api/auth/session","bodyType":"undefined","query":{},"params":{}}
2026-07-28T11:47:47.976Z {"event":"sanitizeMiddleware incoming","method":"GET","path":"/api/auth/session","bodyType":"undefined","query":{},"params":{}}
2026-07-28T11:47:48.008Z {"event":"sanitizeMiddleware incoming","method":"GET","path":"/api/admin/users","bodyType":"undefined","query":{},"params":{}}
2026-07-28T11:47:51.462Z {"event":"sanitizeMiddleware incoming","method":"GET","path":"/api/auth/session","bodyType":"undefined","query":{},"params":{}}
2026-07-28T11:47:51.466Z {"event":"sanitizeMiddleware incoming","method":"GET","path":"/api/auth/session","bodyType":"undefined","query":{},"params":{}}
2026-07-28T11:47:51.497Z {"event":"sanitizeMiddleware incoming","method":"GET","path":"/api/admin/products","bodyType":"undefined","query":{},"params":{}}
2026-07-28T11:47:51.499Z {"event":"sanitizeMiddleware incoming","method":"GET","path":"/api/admin/products","bodyType":"undefined","query":{},"params":{}}
2026-07-28T11:47:51.527Z {"event":"sanitizeMiddleware incoming","method":"GET","path":"/uploads/1785090892750-zubs1w.png","bodyType":"undefined","query":{},"params":{}}
2026-07-28T11:47:51.533Z {"event":"sanitizeMiddleware incoming","method":"GET","path":"/uploads/1785083371202-imifol.jpg","bodyType":"undefined","query":{},"params":{}}
2026-07-28T11:47:51.534Z {"event":"sanitizeMiddleware incoming","method":"GET","path":"/uploads/1784993168656-7t24kf.jpg","bodyType":"undefined","query":{},"params":{}}
2026-07-28T11:47:51.537Z {"event":"sanitizeMiddleware incoming","method":"GET","path":"/uploads/1784993140796-w2585g.jpg","bodyType":"undefined","query":{},"params":{}}
2026-07-28T11:47:51.538Z {"event":"sanitizeMiddleware incoming","method":"GET","path":"/uploads/1784993110100-h2h1ud.jpg","bodyType":"undefined","query":{},"params":{}}
2026-07-28T11:47:51.540Z {"event":"sanitizeMiddleware incoming","method":"GET","path":"/uploads/1784993085622-40ny9z.jpg","bodyType":"undefined","query":{},"params":{}}
2026-07-28T11:47:52.891Z {"event":"sanitizeMiddleware incoming","method":"GET","path":"/api/auth/session","bodyType":"undefined","query":{},"params":{}}
2026-07-28T11:47:52.908Z {"event":"sanitizeMiddleware incoming","method":"GET","path":"/api/auth/session","bodyType":"undefined","query":{},"params":{}}
2026-07-28T11:47:52.933Z {"event":"sanitizeMiddleware incoming","method":"GET","path":"/api/activity","bodyType":"undefined","query":{},"params":{}}
2026-07-28T11:47:52.935Z {"event":"sanitizeMiddleware incoming","method":"GET","path":"/api/activity","bodyType":"undefined","query":{},"params":{}}
2026-07-28T11:47:53.763Z {"event":"sanitizeMiddleware incoming","method":"GET","path":"/api/auth/session","bodyType":"undefined","query":{},"params":{}}
2026-07-28T11:47:53.766Z {"event":"sanitizeMiddleware incoming","method":"GET","path":"/api/auth/session","bodyType":"undefined","query":{},"params":{}}
2026-07-28T11:47:53.792Z {"event":"sanitizeMiddleware incoming","method":"GET","path":"/api/admin/users","bodyType":"undefined","query":{},"params":{}}
2026-07-28T11:47:58.361Z {"event":"sanitizeMiddleware incoming","method":"GET","path":"/api/auth/session","bodyType":"undefined","query":{},"params":{}}
2026-07-28T11:47:58.364Z {"event":"sanitizeMiddleware incoming","method":"GET","path":"/api/auth/session","bodyType":"undefined","query":{},"params":{}}
2026-07-28T11:47:58.391Z {"event":"sanitizeMiddleware incoming","method":"GET","path":"/api/admin/users/6a6891eb5adc5cb9d7a4be48","bodyType":"undefined","query":{},"params":{}}
2026-07-28T11:47:58.392Z {"event":"sanitizeMiddleware incoming","method":"GET","path":"/api/admin/users/6a6891eb5adc5cb9d7a4be48","bodyType":"undefined","query":{},"params":{}}
2026-07-28T11:48:14.162Z {"event":"sanitizeMiddleware incoming","method":"POST","path":"/api/auth/login","bodyType":"object","body":{"email":"fkasis6969@gmail.com","password":"F@gmail.1234"},"query":{},"params":{}}
2026-07-28T11:48:14.609Z {"event":"sanitizeMiddleware incoming","method":"GET","path":"/api/auth/session","bodyType":"undefined","query":{},"params":{}}
2026-07-28T11:48:14.678Z {"event":"sanitizeMiddleware incoming","method":"GET","path":"/api/auth/session","bodyType":"undefined","query":{},"params":{}}
2026-07-28T11:48:14.688Z {"event":"sanitizeMiddleware incoming","method":"GET","path":"/api/auth/session","bodyType":"undefined","query":{},"params":{}}
2026-07-28T11:48:14.718Z {"event":"sanitizeMiddleware incoming","method":"GET","path":"/api/auth/session","bodyType":"undefined","query":{},"params":{}}
2026-07-28T11:48:14.722Z {"event":"sanitizeMiddleware incoming","method":"GET","path":"/api/auth/session","bodyType":"undefined","query":{},"params":{}}
2026-07-28T11:48:14.724Z {"event":"sanitizeMiddleware incoming","method":"GET","path":"/api/products","bodyType":"undefined","query":{},"params":{}}
2026-07-28T11:48:14.729Z {"event":"sanitizeMiddleware incoming","method":"GET","path":"/api/products","bodyType":"undefined","query":{},"params":{}}
2026-07-28T11:48:14.731Z {"event":"sanitizeMiddleware incoming","method":"GET","path":"/api/auth/session","bodyType":"undefined","query":{},"params":{}}
2026-07-28T11:48:14.735Z {"event":"sanitizeMiddleware incoming","method":"GET","path":"/api/auth/session","bodyType":"undefined","query":{},"params":{}}
2026-07-28T11:48:14.742Z {"event":"sanitizeMiddleware incoming","method":"GET","path":"/api/products","bodyType":"undefined","query":{},"params":{}}
2026-07-28T11:48:14.748Z {"event":"sanitizeMiddleware incoming","method":"GET","path":"/api/products","bodyType":"undefined","query":{},"params":{}}
2026-07-28T11:48:14.758Z {"event":"sanitizeMiddleware incoming","method":"GET","path":"/api/cart","bodyType":"undefined","query":{},"params":{}}
2026-07-28T11:48:14.772Z {"event":"sanitizeMiddleware incoming","method":"GET","path":"/uploads/1784993168656-7t24kf.jpg","bodyType":"undefined","query":{},"params":{}}
2026-07-28T11:48:14.785Z {"event":"sanitizeMiddleware incoming","method":"GET","path":"/uploads/1785090892750-zubs1w.png","bodyType":"undefined","query":{},"params":{}}
2026-07-28T11:48:14.786Z {"event":"sanitizeMiddleware incoming","method":"GET","path":"/uploads/1785083371202-imifol.jpg","bodyType":"undefined","query":{},"params":{}}
2026-07-28T11:48:14.788Z {"event":"sanitizeMiddleware incoming","method":"GET","path":"/uploads/1784993140796-w2585g.jpg","bodyType":"undefined","query":{},"params":{}}
2026-07-28T11:48:14.789Z {"event":"sanitizeMiddleware incoming","method":"GET","path":"/api/cart","bodyType":"undefined","query":{},"params":{}}
2026-07-28T11:48:14.792Z {"event":"sanitizeMiddleware incoming","method":"GET","path":"/uploads/1784993110100-h2h1ud.jpg","bodyType":"undefined","query":{},"params":{}}
2026-07-28T11:48:14.797Z {"event":"sanitizeMiddleware incoming","method":"GET","path":"/uploads/1784993085622-40ny9z.jpg","bodyType":"undefined","query":{},"params":{}}
2026-07-28T11:48:16.304Z {"event":"sanitizeMiddleware incoming","method":"GET","path":"/api/auth/session","bodyType":"undefined","query":{},"params":{}}
2026-07-28T11:48:16.307Z {"event":"sanitizeMiddleware incoming","method":"GET","path":"/api/auth/session","bodyType":"undefined","query":{},"params":{}}
2026-07-28T11:48:16.344Z {"event":"sanitizeMiddleware incoming","method":"GET","path":"/api/auth/session","bodyType":"undefined","query":{},"params":{}}
2026-07-28T11:48:16.345Z {"event":"sanitizeMiddleware incoming","method":"GET","path":"/api/auth/session","bodyType":"undefined","query":{},"params":{}}
2026-07-28T11:48:16.347Z {"event":"sanitizeMiddleware incoming","method":"GET","path":"/api/auth/session","bodyType":"undefined","query":{},"params":{}}
2026-07-28T11:48:16.349Z {"event":"sanitizeMiddleware incoming","method":"GET","path":"/api/auth/session","bodyType":"undefined","query":{},"params":{}}
2026-07-28T11:48:16.351Z {"event":"sanitizeMiddleware incoming","method":"GET","path":"/api/auth/session","bodyType":"undefined","query":{},"params":{}}
2026-07-28T11:48:16.352Z {"event":"sanitizeMiddleware incoming","method":"GET","path":"/api/auth/session","bodyType":"undefined","query":{},"params":{}}
2026-07-28T11:48:16.384Z {"event":"sanitizeMiddleware incoming","method":"GET","path":"/api/cart","bodyType":"undefined","query":{},"params":{}}
2026-07-28T11:48:16.387Z {"event":"sanitizeMiddleware incoming","method":"GET","path":"/api/auth/6a68921f5adc5cb9d7a4be4c","bodyType":"undefined","query":{},"params":{}}
2026-07-28T11:48:16.388Z {"event":"sanitizeMiddleware incoming","method":"GET","path":"/api/cart","bodyType":"undefined","query":{},"params":{}}
2026-07-28T11:48:16.391Z {"event":"sanitizeMiddleware incoming","method":"GET","path":"/api/auth/6a68921f5adc5cb9d7a4be4c","bodyType":"undefined","query":{},"params":{}}
2026-07-28T11:48:18.771Z {"event":"sanitizeMiddleware incoming","method":"GET","path":"/api/auth/session","bodyType":"undefined","query":{},"params":{}}
2026-07-28T11:48:18.845Z {"event":"sanitizeMiddleware incoming","method":"GET","path":"/api/auth/session","bodyType":"undefined","query":{},"params":{}}
2026-07-28T11:48:18.860Z {"event":"sanitizeMiddleware incoming","method":"GET","path":"/api/auth/session","bodyType":"undefined","query":{},"params":{}}
2026-07-28T11:48:18.862Z {"event":"sanitizeMiddleware incoming","method":"GET","path":"/api/auth/session","bodyType":"undefined","query":{},"params":{}}
2026-07-28T11:48:18.864Z {"event":"sanitizeMiddleware incoming","method":"GET","path":"/api/auth/session","bodyType":"undefined","query":{},"params":{}}
2026-07-28T11:48:18.865Z {"event":"sanitizeMiddleware incoming","method":"GET","path":"/api/auth/session","bodyType":"undefined","query":{},"params":{}}
2026-07-28T11:48:18.866Z {"event":"sanitizeMiddleware incoming","method":"GET","path":"/api/auth/session","bodyType":"undefined","query":{},"params":{}}
2026-07-28T11:48:18.937Z {"event":"sanitizeMiddleware incoming","method":"GET","path":"/api/cart","bodyType":"undefined","query":{},"params":{}}
2026-07-28T11:48:18.947Z {"event":"sanitizeMiddleware incoming","method":"GET","path":"/api/auth/6a68921f5adc5cb9d7a4be4c","bodyType":"undefined","query":{},"params":{}}
2026-07-28T11:48:18.949Z {"event":"sanitizeMiddleware incoming","method":"GET","path":"/api/cart","bodyType":"undefined","query":{},"params":{}}
2026-07-28T11:48:18.951Z {"event":"sanitizeMiddleware incoming","method":"GET","path":"/api/auth/6a68921f5adc5cb9d7a4be4c","bodyType":"undefined","query":{},"params":{}}
2026-07-28T11:48:20.058Z {"event":"sanitizeMiddleware incoming","method":"POST","path":"/api/auth/mfa/setup","bodyType":"undefined","query":{},"params":{}}
2026-07-28T11:48:36.956Z {"event":"sanitizeMiddleware incoming","method":"POST","path":"/api/auth/mfa/setup/verify","bodyType":"object","body":{"challengeToken":"eyJhbGciOiJIUzI1NiIsInR5cCI6IkpXVCJ9.eyJzdWIiOiI2YTY4OTIxZjVhZGM1Y2I5ZDdhNGJlNGMiLCJzY29wZSI6Im1mYV9zZXR1cCIsImNpZCI6IjJhNmNkOGUyODIzNjM4ZmNlMDlmZWZlNTdhZWZmY2FkIiwic3YiOjAsImlhdCI6MTc4NTIzOTMwMywiZXhwIjoxNzg1MjM5NjAzfQ.Gk8Pp0YYhlukd95T-fvrDT89abGfYAfHra9FowgrqvM","code":"721259"},"query":{},"params":{}}
2026-07-28T11:48:44.160Z {"event":"sanitizeMiddleware incoming","method":"GET","path":"/api/auth/session","bodyType":"undefined","query":{},"params":{}}
2026-07-28T11:48:44.218Z {"event":"sanitizeMiddleware incoming","method":"GET","path":"/api/auth/session","bodyType":"undefined","query":{},"params":{}}
2026-07-28T11:48:44.228Z {"event":"sanitizeMiddleware incoming","method":"GET","path":"/api/auth/session","bodyType":"undefined","query":{},"params":{}}
2026-07-28T11:48:44.230Z {"event":"sanitizeMiddleware incoming","method":"GET","path":"/api/auth/session","bodyType":"undefined","query":{},"params":{}}
2026-07-28T11:48:44.233Z {"event":"sanitizeMiddleware incoming","method":"GET","path":"/api/auth/session","bodyType":"undefined","query":{},"params":{}}
2026-07-28T11:48:44.235Z {"event":"sanitizeMiddleware incoming","method":"GET","path":"/api/auth/session","bodyType":"undefined","query":{},"params":{}}
2026-07-28T11:48:44.239Z {"event":"sanitizeMiddleware incoming","method":"GET","path":"/api/auth/session","bodyType":"undefined","query":{},"params":{}}
2026-07-28T11:48:44.303Z {"event":"sanitizeMiddleware incoming","method":"GET","path":"/api/cart","bodyType":"undefined","query":{},"params":{}}
2026-07-28T11:48:44.311Z {"event":"sanitizeMiddleware incoming","method":"GET","path":"/api/auth/6a68921f5adc5cb9d7a4be4c","bodyType":"undefined","query":{},"params":{}}
2026-07-28T11:48:44.313Z {"event":"sanitizeMiddleware incoming","method":"GET","path":"/api/cart","bodyType":"undefined","query":{},"params":{}}
2026-07-28T11:48:44.315Z {"event":"sanitizeMiddleware incoming","method":"GET","path":"/api/auth/6a68921f5adc5cb9d7a4be4c","bodyType":"undefined","query":{},"params":{}}
2026-07-28T11:49:36.150Z {"event":"sanitizeMiddleware incoming","method":"POST","path":"/api/auth/mfa/disable","bodyType":"object","body":{"password":"F@gmail.1234"},"query":{},"params":{}}
2026-07-28T11:49:48.378Z {"event":"sanitizeMiddleware incoming","method":"POST","path":"/api/auth/login","bodyType":"object","body":{"email":"fkasis6969@gmail.com","password":"F@gmail.1234"},"query":{},"params":{}}
2026-07-28T11:49:48.822Z {"event":"sanitizeMiddleware incoming","method":"GET","path":"/api/auth/session","bodyType":"undefined","query":{},"params":{}}
2026-07-28T11:49:48.916Z {"event":"sanitizeMiddleware incoming","method":"GET","path":"/api/auth/session","bodyType":"undefined","query":{},"params":{}}
2026-07-28T11:49:48.919Z {"event":"sanitizeMiddleware incoming","method":"GET","path":"/api/auth/session","bodyType":"undefined","query":{},"params":{}}
2026-07-28T11:49:48.954Z {"event":"sanitizeMiddleware incoming","method":"GET","path":"/api/auth/session","bodyType":"undefined","query":{},"params":{}}
2026-07-28T11:49:48.973Z {"event":"sanitizeMiddleware incoming","method":"GET","path":"/api/auth/session","bodyType":"undefined","query":{},"params":{}}
2026-07-28T11:49:48.975Z {"event":"sanitizeMiddleware incoming","method":"GET","path":"/api/products","bodyType":"undefined","query":{},"params":{}}
2026-07-28T11:49:48.979Z {"event":"sanitizeMiddleware incoming","method":"GET","path":"/api/products","bodyType":"undefined","query":{},"params":{}}
2026-07-28T11:49:48.981Z {"event":"sanitizeMiddleware incoming","method":"GET","path":"/api/auth/session","bodyType":"undefined","query":{},"params":{}}
2026-07-28T11:49:48.983Z {"event":"sanitizeMiddleware incoming","method":"GET","path":"/api/auth/session","bodyType":"undefined","query":{},"params":{}}
2026-07-28T11:49:48.989Z {"event":"sanitizeMiddleware incoming","method":"GET","path":"/api/products","bodyType":"undefined","query":{},"params":{}}
2026-07-28T11:49:49.000Z {"event":"sanitizeMiddleware incoming","method":"GET","path":"/api/products","bodyType":"undefined","query":{},"params":{}}
2026-07-28T11:49:49.007Z {"event":"sanitizeMiddleware incoming","method":"GET","path":"/api/cart","bodyType":"undefined","query":{},"params":{}}
2026-07-28T11:49:49.017Z {"event":"sanitizeMiddleware incoming","method":"GET","path":"/uploads/1784993168656-7t24kf.jpg","bodyType":"undefined","query":{},"params":{}}
2026-07-28T11:49:49.031Z {"event":"sanitizeMiddleware incoming","method":"GET","path":"/uploads/1785090892750-zubs1w.png","bodyType":"undefined","query":{},"params":{}}
2026-07-28T11:49:49.063Z {"event":"sanitizeMiddleware incoming","method":"GET","path":"/uploads/1785083371202-imifol.jpg","bodyType":"undefined","query":{},"params":{}}
2026-07-28T11:49:49.071Z {"event":"sanitizeMiddleware incoming","method":"GET","path":"/uploads/1784993140796-w2585g.jpg","bodyType":"undefined","query":{},"params":{}}
2026-07-28T11:49:49.077Z {"event":"sanitizeMiddleware incoming","method":"GET","path":"/uploads/1784993110100-h2h1ud.jpg","bodyType":"undefined","query":{},"params":{}}
2026-07-28T11:49:49.078Z {"event":"sanitizeMiddleware incoming","method":"GET","path":"/uploads/1784993085622-40ny9z.jpg","bodyType":"undefined","query":{},"params":{}}
2026-07-28T11:49:49.079Z {"event":"sanitizeMiddleware incoming","method":"GET","path":"/api/cart","bodyType":"undefined","query":{},"params":{}}
2026-07-28T11:49:50.684Z {"event":"sanitizeMiddleware incoming","method":"GET","path":"/api/auth/session","bodyType":"undefined","query":{},"params":{}}
2026-07-28T11:49:50.694Z {"event":"sanitizeMiddleware incoming","method":"GET","path":"/api/auth/session","bodyType":"undefined","query":{},"params":{}}
2026-07-28T11:49:50.732Z {"event":"sanitizeMiddleware incoming","method":"GET","path":"/api/auth/session","bodyType":"undefined","query":{},"params":{}}
2026-07-28T11:49:50.734Z {"event":"sanitizeMiddleware incoming","method":"GET","path":"/api/auth/session","bodyType":"undefined","query":{},"params":{}}
2026-07-28T11:49:50.735Z {"event":"sanitizeMiddleware incoming","method":"GET","path":"/api/auth/session","bodyType":"undefined","query":{},"params":{}}
2026-07-28T11:49:50.737Z {"event":"sanitizeMiddleware incoming","method":"GET","path":"/api/auth/session","bodyType":"undefined","query":{},"params":{}}
2026-07-28T11:49:50.738Z {"event":"sanitizeMiddleware incoming","method":"GET","path":"/api/auth/session","bodyType":"undefined","query":{},"params":{}}
2026-07-28T11:49:50.740Z {"event":"sanitizeMiddleware incoming","method":"GET","path":"/api/auth/session","bodyType":"undefined","query":{},"params":{}}
2026-07-28T11:49:50.767Z {"event":"sanitizeMiddleware incoming","method":"GET","path":"/api/cart","bodyType":"undefined","query":{},"params":{}}
2026-07-28T11:49:50.776Z {"event":"sanitizeMiddleware incoming","method":"GET","path":"/api/auth/6a68921f5adc5cb9d7a4be4c","bodyType":"undefined","query":{},"params":{}}
2026-07-28T11:49:50.778Z {"event":"sanitizeMiddleware incoming","method":"GET","path":"/api/cart","bodyType":"undefined","query":{},"params":{}}
2026-07-28T11:49:50.781Z {"event":"sanitizeMiddleware incoming","method":"GET","path":"/api/auth/6a68921f5adc5cb9d7a4be4c","bodyType":"undefined","query":{},"params":{}}
2026-07-28T11:49:53.640Z {"event":"sanitizeMiddleware incoming","method":"POST","path":"/api/auth/logout","bodyType":"undefined","query":{},"params":{}}
2026-07-28T11:50:02.820Z {"event":"sanitizeMiddleware incoming","method":"POST","path":"/api/auth/login","bodyType":"object","body":{"email":"Aashishshresth123@gmail.com","password":"A@gmail.1234"},"query":{},"params":{}}
2026-07-28T11:50:18.138Z {"event":"sanitizeMiddleware incoming","method":"POST","path":"/api/auth/mfa/login/verify","bodyType":"object","body":{"challengeToken":"eyJhbGciOiJIUzI1NiIsInR5cCI6IkpXVCJ9.eyJzdWIiOiI2YTY4OTFlYjVhZGM1Y2I5ZDdhNGJlNDgiLCJzY29wZSI6Im1mYV9sb2dpbiIsImNpZCI6Ijg1OTVlN2RhN2NkZWRmMmM2ZDUwZjM0ZDY3Y2JhYjZmIiwic3YiOjEsImlhdCI6MTc4NTIzOTQwNywiZXhwIjoxNzg1MjM5NzA3fQ.acTRgFyRLkIhSf5B020z8DhLrgscU8prUSdbdOPiHFM","code":"771214"},"query":{},"params":{}}
2026-07-28T11:50:18.166Z {"event":"sanitizeMiddleware incoming","method":"GET","path":"/api/auth/session","bodyType":"undefined","query":{},"params":{}}
2026-07-28T11:50:18.242Z {"event":"sanitizeMiddleware incoming","method":"GET","path":"/api/auth/session","bodyType":"undefined","query":{},"params":{}}
2026-07-28T11:50:18.256Z {"event":"sanitizeMiddleware incoming","method":"GET","path":"/api/auth/session","bodyType":"undefined","query":{},"params":{}}
2026-07-28T11:50:18.297Z {"event":"sanitizeMiddleware incoming","method":"GET","path":"/api/auth/session","bodyType":"undefined","query":{},"params":{}}
2026-07-28T11:50:18.299Z {"event":"sanitizeMiddleware incoming","method":"GET","path":"/api/auth/session","bodyType":"undefined","query":{},"params":{}}
2026-07-28T11:50:18.301Z {"event":"sanitizeMiddleware incoming","method":"GET","path":"/api/auth/session","bodyType":"undefined","query":{},"params":{}}
2026-07-28T11:50:18.302Z {"event":"sanitizeMiddleware incoming","method":"GET","path":"/api/products","bodyType":"undefined","query":{},"params":{}}
2026-07-28T11:50:18.304Z {"event":"sanitizeMiddleware incoming","method":"GET","path":"/api/products","bodyType":"undefined","query":{},"params":{}}
2026-07-28T11:50:18.312Z {"event":"sanitizeMiddleware incoming","method":"GET","path":"/api/auth/session","bodyType":"undefined","query":{},"params":{}}
2026-07-28T11:50:18.326Z {"event":"sanitizeMiddleware incoming","method":"GET","path":"/api/products","bodyType":"undefined","query":{},"params":{}}
2026-07-28T11:50:18.334Z {"event":"sanitizeMiddleware incoming","method":"GET","path":"/api/products","bodyType":"undefined","query":{},"params":{}}
2026-07-28T11:50:18.363Z {"event":"sanitizeMiddleware incoming","method":"GET","path":"/api/cart","bodyType":"undefined","query":{},"params":{}}
2026-07-28T11:50:18.368Z {"event":"sanitizeMiddleware incoming","method":"GET","path":"/api/cart","bodyType":"undefined","query":{},"params":{}}
2026-07-28T11:50:18.371Z {"event":"sanitizeMiddleware incoming","method":"GET","path":"/uploads/1784993168656-7t24kf.jpg","bodyType":"undefined","query":{},"params":{}}
2026-07-28T11:50:18.386Z {"event":"sanitizeMiddleware incoming","method":"GET","path":"/uploads/1785090892750-zubs1w.png","bodyType":"undefined","query":{},"params":{}}
2026-07-28T11:50:18.387Z {"event":"sanitizeMiddleware incoming","method":"GET","path":"/uploads/1785083371202-imifol.jpg","bodyType":"undefined","query":{},"params":{}}
2026-07-28T11:50:18.391Z {"event":"sanitizeMiddleware incoming","method":"GET","path":"/uploads/1784993140796-w2585g.jpg","bodyType":"undefined","query":{},"params":{}}
2026-07-28T11:50:18.416Z {"event":"sanitizeMiddleware incoming","method":"GET","path":"/uploads/1784993110100-h2h1ud.jpg","bodyType":"undefined","query":{},"params":{}}
2026-07-28T11:50:18.417Z {"event":"sanitizeMiddleware incoming","method":"GET","path":"/uploads/1784993085622-40ny9z.jpg","bodyType":"undefined","query":{},"params":{}}
2026-07-28T11:50:20.164Z {"event":"sanitizeMiddleware incoming","method":"GET","path":"/api/auth/session","bodyType":"undefined","query":{},"params":{}}
2026-07-28T11:50:20.167Z {"event":"sanitizeMiddleware incoming","method":"GET","path":"/api/auth/session","bodyType":"undefined","query":{},"params":{}}
2026-07-28T11:50:20.202Z {"event":"sanitizeMiddleware incoming","method":"GET","path":"/api/auth/session","bodyType":"undefined","query":{},"params":{}}
2026-07-28T11:50:20.204Z {"event":"sanitizeMiddleware incoming","method":"GET","path":"/api/auth/session","bodyType":"undefined","query":{},"params":{}}
2026-07-28T11:50:20.207Z {"event":"sanitizeMiddleware incoming","method":"GET","path":"/api/auth/session","bodyType":"undefined","query":{},"params":{}}
2026-07-28T11:50:20.210Z {"event":"sanitizeMiddleware incoming","method":"GET","path":"/api/auth/session","bodyType":"undefined","query":{},"params":{}}
2026-07-28T11:50:20.212Z {"event":"sanitizeMiddleware incoming","method":"GET","path":"/api/auth/session","bodyType":"undefined","query":{},"params":{}}
2026-07-28T11:50:20.213Z {"event":"sanitizeMiddleware incoming","method":"GET","path":"/api/auth/session","bodyType":"undefined","query":{},"params":{}}
2026-07-28T11:50:20.237Z {"event":"sanitizeMiddleware incoming","method":"GET","path":"/api/cart","bodyType":"undefined","query":{},"params":{}}
2026-07-28T11:50:20.250Z {"event":"sanitizeMiddleware incoming","method":"GET","path":"/api/auth/6a6891eb5adc5cb9d7a4be48","bodyType":"undefined","query":{},"params":{}}
2026-07-28T11:50:20.252Z {"event":"sanitizeMiddleware incoming","method":"GET","path":"/api/cart","bodyType":"undefined","query":{},"params":{}}
2026-07-28T11:50:20.254Z {"event":"sanitizeMiddleware incoming","method":"GET","path":"/api/auth/6a6891eb5adc5cb9d7a4be48","bodyType":"undefined","query":{},"params":{}}
2026-07-28T11:50:29.595Z {"event":"sanitizeMiddleware incoming","method":"POST","path":"/api/auth/mfa/disable","bodyType":"object","body":{"password":"A@gmail.1234"},"query":{},"params":{}}
